[
    {
        "name": "carelesswhisper_02join",
        "time": 6187,
        "duration": 1159
    },
    {
        "name": "carelesswhisper_02join",
        "time": 9282,
        "duration": 1159
    },
    {
        "name": "carelesswhisper_wingsup",
        "time": 15093,
        "duration": 1546
    },
    {
        "name": "carelesswhisper_02wingsdown",
        "time": 16644,
        "duration": 1546
    },
    {
        "name": "carelesswhisper_donttouch",
        "time": 30768,
        "duration": 1159
    },
    {
        "name": "carelesswhisper_firstintenseout",
        "time": 33903,
        "duration": 773
    },
    {
        "name": "carelesswhisper_intenseout",
        "time": 35470,
        "duration": 773
    },
    {
        "name": "carelesswhisper_donttouch",
        "time": 37037,
        "duration": 1159
    },
    {
        "name": "carelesswhisper_firstintenseout",
        "time": 40170,
        "duration": 773
    },
    {
        "name": "carelesswhisper_intenseout",
        "time": 41730,
        "duration": 773
    },
    {
        "name": "carelesswhisper_wingsup",
        "time": 55792,
        "duration": 1546
    },
    {
        "name": "carelesswhisper_wingsdown",
        "time": 57357,
        "duration": 1546
    },
    {
        "name": "carelesswhisper_cometoyou",
        "time": 59313,
        "duration": 773
    },
    {
        "name": "carelesswhisper_turning",
        "time": 60096,
        "duration": 2320,
        "goldMove": 1
    },
    {
        "name": "carelesswhisper_rollingdown",
        "time": 62444,
        "duration": 773
    },
    {
        "name": "carelesswhisper_rollingup",
        "time": 63233,
        "duration": 1159
    },
    {
        "name": "carelesswhisper_rollingdown",
        "time": 64416,
        "duration": 773
    },
    {
        "name": "carelesswhisper_heartache",
        "time": 65204,
        "duration": 1159
    },
    {
        "name": "carelesswhisper_wingsup",
        "time": 68334,
        "duration": 1546
    },
    {
        "name": "carelesswhisper_wingsdown",
        "time": 69914,
        "duration": 1546
    },
    {
        "name": "carelesswhisper_cometoyou",
        "time": 71897,
        "duration": 773
    },
    {
        "name": "carelesswhisper_turning",
        "time": 72679,
        "duration": 2320,
        "goldMove": 1
    },
    {
        "name": "carelesswhisper_rollingdown",
        "time": 75023,
        "duration": 773
    },
    {
        "name": "carelesswhisper_rollingup",
        "time": 75816,
        "duration": 1159
    },
    {
        "name": "carelesswhisper_rollingdown",
        "time": 77005,
        "duration": 773
    },
    {
        "name": "carelesswhisper_heartache",
        "time": 77798,
        "duration": 1159
    },
    {
        "name": "carelesswhisper_02grabhim",
        "time": 84142,
        "duration": 1546
    },
    {
        "name": "carelesswhisper_donttouch",
        "time": 93577,
        "duration": 1159
    },
    {
        "name": "carelesswhisper_firstintenseout",
        "time": 96703,
        "duration": 773
    },
    {
        "name": "carelesswhisper_intenseout",
        "time": 98265,
        "duration": 773
    },
    {
        "name": "carelesswhisper_donttouch",
        "time": 99827,
        "duration": 1159
    },
    {
        "name": "carelesswhisper_firstintenseout",
        "time": 102965,
        "duration": 773
    },
    {
        "name": "carelesswhisper_intenseout",
        "time": 104534,
        "duration": 773
    },
    {
        "name": "carelesswhisper_wingsup",
        "time": 118591,
        "duration": 1546
    },
    {
        "name": "carelesswhisper_wingsdown",
        "time": 120169,
        "duration": 1546
    },
    {
        "name": "carelesswhisper_cometoyou",
        "time": 122148,
        "duration": 773
    },
    {
        "name": "carelesswhisper_turning",
        "time": 122931,
        "duration": 2320,
        "goldMove": 1
    },
    {
        "name": "carelesswhisper_rollingdown",
        "time": 125279,
        "duration": 773
    },
    {
        "name": "carelesswhisper_rollingup",
        "time": 126065,
        "duration": 1159
    },
    {
        "name": "carelesswhisper_rollingdown",
        "time": 127245,
        "duration": 773
    },
    {
        "name": "carelesswhisper_heartache",
        "time": 128032,
        "duration": 1159
    },
    {
        "name": "carelesswhisper_wingsup",
        "time": 131172,
        "duration": 1546
    },
    {
        "name": "carelesswhisper_wingsdown",
        "time": 132742,
        "duration": 1546
    },
    {
        "name": "carelesswhisper_cometoyou",
        "time": 134705,
        "duration": 773
    },
    {
        "name": "carelesswhisper_turning",
        "time": 135492,
        "duration": 2320,
        "goldMove": 1
    },
    {
        "name": "carelesswhisper_rollingdown",
        "time": 137854,
        "duration": 773
    },
    {
        "name": "carelesswhisper_rollingup",
        "time": 138641,
        "duration": 1159
    },
    {
        "name": "carelesswhisper_rollingdown",
        "time": 139821,
        "duration": 773
    },
    {
        "name": "carelesswhisper_heartache",
        "time": 140608,
        "duration": 1159
    },
    {
        "name": "carelesswhisper_02join",
        "time": 144115,
        "duration": 1159
    },
    {
        "name": "carelesswhisper_02join",
        "time": 147322,
        "duration": 1159
    },
    {
        "name": "carelesswhisper_wingsup",
        "time": 153224,
        "duration": 1546
    },
    {
        "name": "carelesswhisper_02wingsdown",
        "time": 154803,
        "duration": 1546
    },
    {
        "name": "carelesswhisper_02sit",
        "time": 169902,
        "duration": 1159
    },
    {
        "name": "carelesswhisper_02getup",
        "time": 180938,
        "duration": 1159
    },
    {
        "name": "carelesswhisper_02classical",
        "time": 182534,
        "duration": 1546
    },
    {
        "name": "carelesswhisper_02musicbox",
        "time": 184918,
        "duration": 3094
    },
    {
        "name": "carelesswhisper_wingsup",
        "time": 194431,
        "duration": 1546
    },
    {
        "name": "carelesswhisper_wingsdown",
        "time": 196024,
        "duration": 1546
    },
    {
        "name": "carelesswhisper_cometoyou",
        "time": 198021,
        "duration": 773
    },
    {
        "name": "carelesswhisper_turning",
        "time": 198813,
        "duration": 2320,
        "goldMove": 1
    },
    {
        "name": "carelesswhisper_rollingdown",
        "time": 201188,
        "duration": 773
    },
    {
        "name": "carelesswhisper_rollingup",
        "time": 201972,
        "duration": 1159
    },
    {
        "name": "carelesswhisper_rollingdown",
        "time": 203146,
        "duration": 773
    },
    {
        "name": "carelesswhisper_heartache",
        "time": 203930,
        "duration": 1159
    },
    {
        "name": "carelesswhisper_wingsup",
        "time": 207070,
        "duration": 1546
    },
    {
        "name": "carelesswhisper_wingsdown",
        "time": 208641,
        "duration": 1546
    },
    {
        "name": "carelesswhisper_cometoyou",
        "time": 210604,
        "duration": 773
    },
    {
        "name": "carelesswhisper_turning",
        "time": 211389,
        "duration": 2320,
        "goldMove": 1
    },
    {
        "name": "carelesswhisper_rollingdown",
        "time": 213742,
        "duration": 773
    },
    {
        "name": "carelesswhisper_rollingup",
        "time": 214531,
        "duration": 1159
    },
    {
        "name": "carelesswhisper_rollingdown",
        "time": 215713,
        "duration": 773
    },
    {
        "name": "carelesswhisper_heartache",
        "time": 216502,
        "duration": 1159
    },
    {
        "name": "carelesswhisper_02join",
        "time": 220036,
        "duration": 1159
    },
    {
        "name": "carelesswhisper_02join",
        "time": 223240,
        "duration": 1159
    },
    {
        "name": "carelesswhisper_wingsup",
        "time": 229134,
        "duration": 1546
    },
    {
        "name": "carelesswhisper_02wingsdown",
        "time": 230709,
        "duration": 1546
    }
]