[
    {
        "name": "couldyoubeloved_2_row",
        "time": 11326,
        "duration": 871
    },
    {
        "name": "couldyoubeloved_1_row",
        "time": 12488,
        "duration": 871
    },
    {
        "name": "couldyoubeloved_2_row",
        "time": 13650,
        "duration": 871
    },
    {
        "name": "couldyoubeloved_1_row",
        "time": 14811,
        "duration": 871
    },
    {
        "name": "couldyoubeloved_bouncehip",
        "time": 15683,
        "duration": 435
    },
    {
        "name": "couldyoubeloved_givehand",
        "time": 16554,
        "duration": 435
    },
    {
        "name": "couldyoubeloved_2_handshakeslip",
        "time": 17135,
        "duration": 581
    },
    {
        "name": "couldyoubeloved_kickup_start",
        "time": 18006,
        "duration": 1162
    },
    {
        "name": "couldyoubeloved_kickup_kin",
        "time": 20330,
        "duration": 1162
    },
    {
        "name": "couldyoubeloved_openup",
        "time": 22943,
        "duration": 1162
    },
    {
        "name": "couldyoubeloved_givehand",
        "time": 25848,
        "duration": 435
    },
    {
        "name": "couldyoubeloved_2_handshakeslip",
        "time": 26428,
        "duration": 581
    },
    {
        "name": "couldyoubeloved_kickup_start",
        "time": 27300,
        "duration": 1162
    },
    {
        "name": "couldyoubeloved_kickup_kin",
        "time": 29624,
        "duration": 1162
    },
    {
        "name": "couldyoubeloved_openup",
        "time": 32237,
        "duration": 1162
    },
    {
        "name": "couldyoubeloved_jiveright",
        "time": 34705,
        "duration": 581
    },
    {
        "name": "couldyoubeloved_jiveright",
        "time": 35286,
        "duration": 581
    },
    {
        "name": "couldyoubeloved_jiveright",
        "time": 35867,
        "duration": 581
    },
    {
        "name": "couldyoubeloved_jiveleft",
        "time": 37029,
        "duration": 581
    },
    {
        "name": "couldyoubeloved_jiveleft",
        "time": 37610,
        "duration": 581
    },
    {
        "name": "couldyoubeloved_jiveleft",
        "time": 38191,
        "duration": 581
    },
    {
        "name": "couldyoubeloved_pointrightround",
        "time": 39207,
        "duration": 2032
    },
    {
        "name": "couldyoubeloved_pointleftround",
        "time": 41531,
        "duration": 2032
    },
    {
        "name": "couldyoubeloved_jiveleft",
        "time": 43999,
        "duration": 581
    },
    {
        "name": "couldyoubeloved_jiveleft",
        "time": 44580,
        "duration": 581
    },
    {
        "name": "couldyoubeloved_jiveleft",
        "time": 45161,
        "duration": 581
    },
    {
        "name": "couldyoubeloved_jiveright",
        "time": 46323,
        "duration": 581
    },
    {
        "name": "couldyoubeloved_jiveright",
        "time": 46903,
        "duration": 581
    },
    {
        "name": "couldyoubeloved_jiveright",
        "time": 47484,
        "duration": 581
    },
    {
        "name": "couldyoubeloved_pointrightround",
        "time": 48501,
        "duration": 2032
    },
    {
        "name": "couldyoubeloved_pointleftround",
        "time": 50824,
        "duration": 2032
    },
    {
        "name": "couldyoubeloved_handskirl",
        "time": 53439,
        "duration": 871
    },
    {
        "name": "couldyoubeloved_handskirl_2",
        "time": 54310,
        "duration": 1162
    },
    {
        "name": "couldyoubeloved_handskirl_2",
        "time": 55471,
        "duration": 1162
    },
    {
        "name": "couldyoubeloved_handskirl_2",
        "time": 56633,
        "duration": 1162
    },
    {
        "name": "couldyoubeloved_siderow",
        "time": 58086,
        "duration": 1162
    },
    {
        "name": "couldyoubeloved_siderow",
        "time": 59247,
        "duration": 1162
    },
    {
        "name": "couldyoubeloved_siderow",
        "time": 60409,
        "duration": 1162
    },
    {
        "name": "couldyoubeloved_siderow_end",
        "time": 61571,
        "duration": 581
    },
    {
        "name": "couldyoubeloved_handskirl_2",
        "time": 62442,
        "duration": 1162
    },
    {
        "name": "couldyoubeloved_handskirl_2",
        "time": 63603,
        "duration": 1162
    },
    {
        "name": "couldyoubeloved_handskirl_2",
        "time": 64765,
        "duration": 1162
    },
    {
        "name": "couldyoubeloved_handskirl_2",
        "time": 65927,
        "duration": 1162
    },
    {
        "name": "couldyoubeloved_givehand",
        "time": 72316,
        "duration": 435
    },
    {
        "name": "couldyoubeloved_2_handshakeslip",
        "time": 72897,
        "duration": 581
    },
    {
        "name": "couldyoubeloved_kickup_start",
        "time": 73769,
        "duration": 1162
    },
    {
        "name": "couldyoubeloved_kickup_kin",
        "time": 76092,
        "duration": 1162
    },
    {
        "name": "couldyoubeloved_openup",
        "time": 78706,
        "duration": 1162
    },
    {
        "name": "couldyoubeloved_givehand",
        "time": 81610,
        "duration": 435
    },
    {
        "name": "couldyoubeloved_2_handshakeslip",
        "time": 82191,
        "duration": 581
    },
    {
        "name": "couldyoubeloved_kickup_start",
        "time": 83062,
        "duration": 1162
    },
    {
        "name": "couldyoubeloved_kickup_kin",
        "time": 85386,
        "duration": 1162
    },
    {
        "name": "couldyoubeloved_openup",
        "time": 87999,
        "duration": 1162
    },
    {
        "name": "couldyoubeloved_2_row",
        "time": 90323,
        "duration": 871
    },
    {
        "name": "couldyoubeloved_1_row",
        "time": 91485,
        "duration": 871
    },
    {
        "name": "couldyoubeloved_2_row",
        "time": 92646,
        "duration": 871
    },
    {
        "name": "couldyoubeloved_1_row",
        "time": 93808,
        "duration": 871
    },
    {
        "name": "couldyoubeloved_2_row",
        "time": 94970,
        "duration": 871
    },
    {
        "name": "couldyoubeloved_1_row",
        "time": 96131,
        "duration": 871
    },
    {
        "name": "couldyoubeloved_2_row",
        "time": 97293,
        "duration": 871
    },
    {
        "name": "couldyoubeloved_1_row",
        "time": 98455,
        "duration": 871
    },
    {
        "name": "couldyoubeloved_patapatain_start",
        "time": 99617,
        "duration": 726
    },
    {
        "name": "couldyoubeloved_patapatain",
        "time": 100778,
        "duration": 581
    },
    {
        "name": "couldyoubeloved_patapatain",
        "time": 101940,
        "duration": 581
    },
    {
        "name": "couldyoubeloved_patapatain",
        "time": 103102,
        "duration": 581
    },
    {
        "name": "couldyoubeloved_outstep",
        "time": 104263,
        "duration": 1162
    },
    {
        "name": "couldyoubeloved_outstep",
        "time": 106587,
        "duration": 1162
    },
    {
        "name": "couldyoubeloved_step1_p2",
        "time": 108910,
        "duration": 581
    },
    {
        "name": "couldyoubeloved_step2_p2",
        "time": 109491,
        "duration": 581
    },
    {
        "name": "couldyoubeloved_step1_p2",
        "time": 110072,
        "duration": 581
    },
    {
        "name": "couldyoubeloved_step3_p2",
        "time": 110653,
        "duration": 581
    },
    {
        "name": "couldyoubeloved_step1_p2",
        "time": 113557,
        "duration": 581
    },
    {
        "name": "couldyoubeloved_step2_p2",
        "time": 114138,
        "duration": 581
    },
    {
        "name": "couldyoubeloved_step1_p2",
        "time": 114719,
        "duration": 581
    },
    {
        "name": "couldyoubeloved_step3_p2",
        "time": 115300,
        "duration": 581
    },
    {
        "name": "couldyoubeloved_jiveright",
        "time": 118495,
        "duration": 581
    },
    {
        "name": "couldyoubeloved_jiveright",
        "time": 119076,
        "duration": 581
    },
    {
        "name": "couldyoubeloved_jiveright",
        "time": 119657,
        "duration": 581
    },
    {
        "name": "couldyoubeloved_jiveleft",
        "time": 120818,
        "duration": 581
    },
    {
        "name": "couldyoubeloved_jiveleft",
        "time": 121399,
        "duration": 581
    },
    {
        "name": "couldyoubeloved_jiveleft",
        "time": 121980,
        "duration": 581
    },
    {
        "name": "couldyoubeloved_pointrightround",
        "time": 123142,
        "duration": 2032
    },
    {
        "name": "couldyoubeloved_pointleftround",
        "time": 125465,
        "duration": 2032
    },
    {
        "name": "couldyoubeloved_jiveleft",
        "time": 127789,
        "duration": 581
    },
    {
        "name": "couldyoubeloved_jiveleft",
        "time": 128369,
        "duration": 581
    },
    {
        "name": "couldyoubeloved_jiveleft",
        "time": 128950,
        "duration": 581
    },
    {
        "name": "couldyoubeloved_jiveright",
        "time": 130112,
        "duration": 581
    },
    {
        "name": "couldyoubeloved_jiveright",
        "time": 130693,
        "duration": 581
    },
    {
        "name": "couldyoubeloved_jiveright",
        "time": 131274,
        "duration": 581
    },
    {
        "name": "couldyoubeloved_pointrightround",
        "time": 132435,
        "duration": 2032
    },
    {
        "name": "couldyoubeloved_pointleftround",
        "time": 134759,
        "duration": 2032
    },
    {
        "name": "couldyoubeloved_handskirl",
        "time": 137082,
        "duration": 871
    },
    {
        "name": "couldyoubeloved_handskirl_2",
        "time": 137953,
        "duration": 1162
    },
    {
        "name": "couldyoubeloved_handskirl_2",
        "time": 139115,
        "duration": 1162
    },
    {
        "name": "couldyoubeloved_handskirl_2",
        "time": 140277,
        "duration": 1162
    },
    {
        "name": "couldyoubeloved_siderow",
        "time": 141729,
        "duration": 1162
    },
    {
        "name": "couldyoubeloved_siderow",
        "time": 142891,
        "duration": 1162
    },
    {
        "name": "couldyoubeloved_siderow",
        "time": 144053,
        "duration": 1162
    },
    {
        "name": "couldyoubeloved_siderow_end",
        "time": 145214,
        "duration": 581
    },
    {
        "name": "couldyoubeloved_handskirl",
        "time": 146085,
        "duration": 871
    },
    {
        "name": "couldyoubeloved_handskirl_2",
        "time": 146957,
        "duration": 1162
    },
    {
        "name": "couldyoubeloved_handskirl_2",
        "time": 148119,
        "duration": 1162
    },
    {
        "name": "couldyoubeloved_handskirl_2",
        "time": 149280,
        "duration": 1162
    },
    {
        "name": "couldyoubeloved_bumboopp2",
        "time": 155379,
        "duration": 581,
        "goldMove": 1
    },
    {
        "name": "couldyoubeloved_givehand",
        "time": 158283,
        "duration": 435
    },
    {
        "name": "couldyoubeloved_2_handshakeslip",
        "time": 158864,
        "duration": 581
    },
    {
        "name": "couldyoubeloved_kickup_start",
        "time": 159736,
        "duration": 1162
    },
    {
        "name": "couldyoubeloved_kickup_kin",
        "time": 162059,
        "duration": 1162
    },
    {
        "name": "couldyoubeloved_openup",
        "time": 164673,
        "duration": 1162
    },
    {
        "name": "couldyoubeloved_givehand",
        "time": 167577,
        "duration": 435
    },
    {
        "name": "couldyoubeloved_2_handshakeslip",
        "time": 168158,
        "duration": 581
    },
    {
        "name": "couldyoubeloved_kickup_start",
        "time": 169029,
        "duration": 1162
    },
    {
        "name": "couldyoubeloved_kickup_kin",
        "time": 171353,
        "duration": 1162
    },
    {
        "name": "couldyoubeloved_openup",
        "time": 173966,
        "duration": 1162
    },
    {
        "name": "couldyoubeloved_patapatain",
        "time": 176581,
        "duration": 581
    },
    {
        "name": "couldyoubeloved_patapatain",
        "time": 177596,
        "duration": 581
    },
    {
        "name": "couldyoubeloved_patapatain",
        "time": 178758,
        "duration": 581
    },
    {
        "name": "couldyoubeloved_patapatain",
        "time": 179920,
        "duration": 581
    },
    {
        "name": "couldyoubeloved_outstep",
        "time": 180937,
        "duration": 1162
    },
    {
        "name": "couldyoubeloved_outstep",
        "time": 183260,
        "duration": 1162
    },
    {
        "name": "couldyoubeloved_step1_p2",
        "time": 185583,
        "duration": 581
    },
    {
        "name": "couldyoubeloved_step2_p2",
        "time": 186164,
        "duration": 581
    },
    {
        "name": "couldyoubeloved_step1_p2",
        "time": 186745,
        "duration": 581
    },
    {
        "name": "couldyoubeloved_step3_p2",
        "time": 187326,
        "duration": 581
    },
    {
        "name": "couldyoubeloved_step1_p2",
        "time": 190230,
        "duration": 581
    },
    {
        "name": "couldyoubeloved_step2_p2",
        "time": 190811,
        "duration": 581
    },
    {
        "name": "couldyoubeloved_step1_p2",
        "time": 191392,
        "duration": 581
    },
    {
        "name": "couldyoubeloved_step3_p2",
        "time": 191973,
        "duration": 581
    },
    {
        "name": "couldyoubeloved_2_endingin",
        "time": 197781,
        "duration": 581
    }
]