[
    {
        "name": "rocklobster_2knock",
        "time": 6424,
        "duration": 333
    },
    {
        "name": "rocklobster_2knock",
        "time": 6758,
        "duration": 333
    },
    {
        "name": "rocklobster_2knock",
        "time": 7091,
        "duration": 333
    },
    {
        "name": "rocklobster_2knock",
        "time": 7415,
        "duration": 333
    },
    {
        "name": "rocklobster_2knock",
        "time": 7731,
        "duration": 333
    },
    {
        "name": "rocklobster_2knock",
        "time": 8056,
        "duration": 333
    },
    {
        "name": "rocklobster_2knock",
        "time": 8389,
        "duration": 333
    },
    {
        "name": "rocklobster_2knock",
        "time": 8723,
        "duration": 333
    },
    {
        "name": "rocklobster_2mantis",
        "time": 9056,
        "duration": 333
    },
    {
        "name": "rocklobster_2mantis",
        "time": 10353,
        "duration": 333
    },
    {
        "name": "rocklobster_mantisoow",
        "time": 10827,
        "duration": 666
    },
    {
        "name": "rocklobster_2mantis",
        "time": 11680,
        "duration": 333
    },
    {
        "name": "rocklobster_2mantis",
        "time": 12975,
        "duration": 333
    },
    {
        "name": "rocklobster_mantisoow",
        "time": 13451,
        "duration": 666
    },
    {
        "name": "rocklobster_sidearmleft",
        "time": 14284,
        "duration": 666
    },
    {
        "name": "rocklobster_sidearmleft",
        "time": 14951,
        "duration": 666
    },
    {
        "name": "rocklobster_sidearmright",
        "time": 15594,
        "duration": 666
    },
    {
        "name": "rocklobster_sidearmright",
        "time": 16243,
        "duration": 666
    },
    {
        "name": "rocklobster_sidearmleft",
        "time": 16908,
        "duration": 666
    },
    {
        "name": "rocklobster_sidearmleft",
        "time": 17550,
        "duration": 666
    },
    {
        "name": "rocklobster_sidearmright",
        "time": 18217,
        "duration": 666
    },
    {
        "name": "rocklobster_sidearmright",
        "time": 18872,
        "duration": 666
    },
    {
        "name": "rocklobster_sidearmleft",
        "time": 19531,
        "duration": 666
    },
    {
        "name": "rocklobster_sidearmleft",
        "time": 20174,
        "duration": 666
    },
    {
        "name": "rocklobster_sidearmright",
        "time": 20835,
        "duration": 666
    },
    {
        "name": "rocklobster_sidearmright",
        "time": 21502,
        "duration": 666
    },
    {
        "name": "rocklobster_sidearmleft",
        "time": 22156,
        "duration": 666
    },
    {
        "name": "rocklobster_sidearmleft",
        "time": 22788,
        "duration": 666
    },
    {
        "name": "rocklobster_sidearmright",
        "time": 23454,
        "duration": 666
    },
    {
        "name": "rocklobster_sidearmright",
        "time": 24093,
        "duration": 666
    },
    {
        "name": "rocklobster_crossarm",
        "time": 24760,
        "duration": 666
    },
    {
        "name": "rocklobster_crossarm",
        "time": 25426,
        "duration": 666
    },
    {
        "name": "rocklobster_crossarm",
        "time": 26093,
        "duration": 666
    },
    {
        "name": "rocklobster_crossarm",
        "time": 26760,
        "duration": 666
    },
    {
        "name": "rocklobster_crossarm",
        "time": 27426,
        "duration": 666
    },
    {
        "name": "rocklobster_crossarm",
        "time": 28103,
        "duration": 666
    },
    {
        "name": "rocklobster_crossarm",
        "time": 28771,
        "duration": 666
    },
    {
        "name": "rocklobster_crossarm",
        "time": 29457,
        "duration": 666
    },
    {
        "name": "rocklobster_2indianwalk",
        "time": 30296,
        "duration": 333
    },
    {
        "name": "rocklobster_2indianwalk2",
        "time": 30962,
        "duration": 333
    },
    {
        "name": "rocklobster_2indianwalk",
        "time": 31630,
        "duration": 333
    },
    {
        "name": "rocklobster_2indianwalk2",
        "time": 32299,
        "duration": 333
    },
    {
        "name": "rocklobster_2indianwalk",
        "time": 32978,
        "duration": 333
    },
    {
        "name": "rocklobster_2indianwalk2",
        "time": 33644,
        "duration": 333
    },
    {
        "name": "rocklobster_2indianwalk",
        "time": 34325,
        "duration": 333
    },
    {
        "name": "rocklobster_2indianwalk2",
        "time": 35015,
        "duration": 333
    },
    {
        "name": "rocklobster_keyboardleft",
        "time": 35514,
        "duration": 666
    },
    {
        "name": "rocklobster_keyboardright",
        "time": 36192,
        "duration": 666
    },
    {
        "name": "rocklobster_keyboardleft",
        "time": 36864,
        "duration": 666
    },
    {
        "name": "rocklobster_keyboardright",
        "time": 37546,
        "duration": 666
    },
    {
        "name": "rocklobster_keyboardleft",
        "time": 38231,
        "duration": 666
    },
    {
        "name": "rocklobster_keyboardright",
        "time": 38902,
        "duration": 666
    },
    {
        "name": "rocklobster_keyboardleft",
        "time": 39591,
        "duration": 666
    },
    {
        "name": "rocklobster_keyboardright",
        "time": 40270,
        "duration": 666
    },
    {
        "name": "rocklobster_keyboardfrenzy",
        "time": 40937,
        "duration": 666
    },
    {
        "name": "rocklobster_keyboardfrenzy",
        "time": 41603,
        "duration": 666
    },
    {
        "name": "rocklobster_keyboardfrenzy",
        "time": 42270,
        "duration": 666
    },
    {
        "name": "rocklobster_keyboardfrenzy",
        "time": 42937,
        "duration": 666
    },
    {
        "name": "rocklobster_keyboardcool",
        "time": 43606,
        "duration": 999
    },
    {
        "name": "rocklobster_2walkleft",
        "time": 45990,
        "duration": 666
    },
    {
        "name": "rocklobster_2walkright",
        "time": 46668,
        "duration": 666
    },
    {
        "name": "rocklobster_2walkleftlong",
        "time": 47338,
        "duration": 666
    },
    {
        "name": "rocklobster_2walkrightlong",
        "time": 48020,
        "duration": 666
    },
    {
        "name": "rocklobster_2walkleft",
        "time": 48686,
        "duration": 666
    },
    {
        "name": "rocklobster_2walkright",
        "time": 49353,
        "duration": 666
    },
    {
        "name": "rocklobster_2walkleftlong",
        "time": 50020,
        "duration": 666
    },
    {
        "name": "rocklobster_2walkrightlong",
        "time": 50699,
        "duration": 666
    },
    {
        "name": "rocklobster_2walkspeed",
        "time": 51715,
        "duration": 666
    },
    {
        "name": "rocklobster_2walkspeedlong",
        "time": 52382,
        "duration": 666
    },
    {
        "name": "rocklobster_2walkspeed",
        "time": 53059,
        "duration": 666
    },
    {
        "name": "rocklobster_2walkspeedlong",
        "time": 53729,
        "duration": 666
    },
    {
        "name": "rocklobster_2walkspeed",
        "time": 54403,
        "duration": 666
    },
    {
        "name": "rocklobster_2walkspeed",
        "time": 55080,
        "duration": 666
    },
    {
        "name": "rocklobster_2walkspeedlong",
        "time": 55739,
        "duration": 666
    },
    {
        "name": "rocklobster_2walkspeed",
        "time": 56409,
        "duration": 666
    },
    {
        "name": "rocklobster_2knock",
        "time": 59722,
        "duration": 333
    },
    {
        "name": "rocklobster_2knock",
        "time": 60044,
        "duration": 333
    },
    {
        "name": "rocklobster_2knock",
        "time": 60378,
        "duration": 333
    },
    {
        "name": "rocklobster_2knock",
        "time": 60714,
        "duration": 333
    },
    {
        "name": "rocklobster_2knock",
        "time": 61042,
        "duration": 333
    },
    {
        "name": "rocklobster_2knock",
        "time": 61359,
        "duration": 333
    },
    {
        "name": "rocklobster_2knock",
        "time": 61683,
        "duration": 333
    },
    {
        "name": "rocklobster_2knock",
        "time": 62022,
        "duration": 333
    },
    {
        "name": "rocklobster_2mantis",
        "time": 62360,
        "duration": 333
    },
    {
        "name": "rocklobster_2mantis",
        "time": 63652,
        "duration": 333
    },
    {
        "name": "rocklobster_mantisoow",
        "time": 64129,
        "duration": 666
    },
    {
        "name": "rocklobster_2mantis",
        "time": 64962,
        "duration": 333
    },
    {
        "name": "rocklobster_2mantis",
        "time": 66240,
        "duration": 333
    },
    {
        "name": "rocklobster_mantisoow",
        "time": 66707,
        "duration": 666
    },
    {
        "name": "rocklobster_sidearmleft",
        "time": 67529,
        "duration": 666
    },
    {
        "name": "rocklobster_sidearmleft",
        "time": 68183,
        "duration": 666
    },
    {
        "name": "rocklobster_sidearmright",
        "time": 68818,
        "duration": 666
    },
    {
        "name": "rocklobster_sidearmright",
        "time": 69458,
        "duration": 666
    },
    {
        "name": "rocklobster_sidearmleft",
        "time": 70112,
        "duration": 666
    },
    {
        "name": "rocklobster_sidearmleft",
        "time": 70771,
        "duration": 666
    },
    {
        "name": "rocklobster_sidearmright",
        "time": 71424,
        "duration": 666
    },
    {
        "name": "rocklobster_sidearmright",
        "time": 72080,
        "duration": 666
    },
    {
        "name": "rocklobster_sidearmleft",
        "time": 72747,
        "duration": 666
    },
    {
        "name": "rocklobster_sidearmleft",
        "time": 73402,
        "duration": 666
    },
    {
        "name": "rocklobster_sidearmright",
        "time": 74017,
        "duration": 666
    },
    {
        "name": "rocklobster_sidearmright",
        "time": 74654,
        "duration": 666
    },
    {
        "name": "rocklobster_sidearmleft",
        "time": 75318,
        "duration": 666
    },
    {
        "name": "rocklobster_sidearmleft",
        "time": 75966,
        "duration": 666
    },
    {
        "name": "rocklobster_sidearmright",
        "time": 76626,
        "duration": 666
    },
    {
        "name": "rocklobster_sidearmright",
        "time": 77276,
        "duration": 666
    },
    {
        "name": "rocklobster_sidearmleft",
        "time": 77930,
        "duration": 666
    },
    {
        "name": "rocklobster_sidearmleft",
        "time": 78579,
        "duration": 666
    },
    {
        "name": "rocklobster_sidearmright",
        "time": 79234,
        "duration": 666
    },
    {
        "name": "rocklobster_sidearmright",
        "time": 79891,
        "duration": 666
    },
    {
        "name": "rocklobster_sidearmleft",
        "time": 80535,
        "duration": 666
    },
    {
        "name": "rocklobster_sidearmleft",
        "time": 81173,
        "duration": 666
    },
    {
        "name": "rocklobster_sidearmright",
        "time": 81825,
        "duration": 666
    },
    {
        "name": "rocklobster_sidearmright",
        "time": 82466,
        "duration": 666
    },
    {
        "name": "rocklobster_crossarm",
        "time": 83148,
        "duration": 666
    },
    {
        "name": "rocklobster_crossarm",
        "time": 83777,
        "duration": 666
    },
    {
        "name": "rocklobster_crossarm",
        "time": 84438,
        "duration": 666
    },
    {
        "name": "rocklobster_crossarm",
        "time": 85104,
        "duration": 666
    },
    {
        "name": "rocklobster_crossarm",
        "time": 85771,
        "duration": 666
    },
    {
        "name": "rocklobster_crossarm",
        "time": 86438,
        "duration": 666
    },
    {
        "name": "rocklobster_crossarm",
        "time": 87104,
        "duration": 666
    },
    {
        "name": "rocklobster_crossarm",
        "time": 87794,
        "duration": 666
    },
    {
        "name": "rocklobster_2indianwalk",
        "time": 88626,
        "duration": 333
    },
    {
        "name": "rocklobster_2indianwalk2",
        "time": 89309,
        "duration": 333
    },
    {
        "name": "rocklobster_2indianwalk",
        "time": 89974,
        "duration": 333
    },
    {
        "name": "rocklobster_2indianwalk2",
        "time": 90638,
        "duration": 333
    },
    {
        "name": "rocklobster_2indianwalk",
        "time": 91305,
        "duration": 333
    },
    {
        "name": "rocklobster_2indianwalk2",
        "time": 91981,
        "duration": 333
    },
    {
        "name": "rocklobster_2indianwalk",
        "time": 92654,
        "duration": 333
    },
    {
        "name": "rocklobster_2indianwalk2",
        "time": 93331,
        "duration": 333
    },
    {
        "name": "rocklobster_keyboardleft",
        "time": 93804,
        "duration": 666
    },
    {
        "name": "rocklobster_keyboardright",
        "time": 94487,
        "duration": 666
    },
    {
        "name": "rocklobster_keyboardleft",
        "time": 95161,
        "duration": 666
    },
    {
        "name": "rocklobster_keyboardright",
        "time": 95834,
        "duration": 666
    },
    {
        "name": "rocklobster_keyboardleft",
        "time": 96513,
        "duration": 666
    },
    {
        "name": "rocklobster_keyboardright",
        "time": 97190,
        "duration": 666
    },
    {
        "name": "rocklobster_keyboardleft",
        "time": 97868,
        "duration": 666
    },
    {
        "name": "rocklobster_keyboardright",
        "time": 98539,
        "duration": 666
    },
    {
        "name": "rocklobster_keyboardfrenzy",
        "time": 99223,
        "duration": 666
    },
    {
        "name": "rocklobster_keyboardfrenzy",
        "time": 99893,
        "duration": 666
    },
    {
        "name": "rocklobster_keyboardfrenzy",
        "time": 100553,
        "duration": 666
    },
    {
        "name": "rocklobster_keyboardfrenzy",
        "time": 101221,
        "duration": 666
    },
    {
        "name": "rocklobster_keyboardcool",
        "time": 101887,
        "duration": 999
    },
    {
        "name": "rocklobster_2walkleft",
        "time": 104251,
        "duration": 666
    },
    {
        "name": "rocklobster_2walkright",
        "time": 104925,
        "duration": 666
    },
    {
        "name": "rocklobster_2walkleftlong",
        "time": 105586,
        "duration": 666
    },
    {
        "name": "rocklobster_2walkrightlong",
        "time": 106245,
        "duration": 666
    },
    {
        "name": "rocklobster_2walkleft",
        "time": 106904,
        "duration": 666
    },
    {
        "name": "rocklobster_2walkright",
        "time": 107577,
        "duration": 666
    },
    {
        "name": "rocklobster_2walkleftlong",
        "time": 108248,
        "duration": 666
    },
    {
        "name": "rocklobster_2walkrightlong",
        "time": 108917,
        "duration": 666
    },
    {
        "name": "rocklobster_2walkspeed",
        "time": 109916,
        "duration": 666
    },
    {
        "name": "rocklobster_2walkspeedlong",
        "time": 110582,
        "duration": 666
    },
    {
        "name": "rocklobster_2walkspeed",
        "time": 111251,
        "duration": 666
    },
    {
        "name": "rocklobster_2walkspeedlong",
        "time": 111917,
        "duration": 666
    },
    {
        "name": "rocklobster_2walkspeed",
        "time": 112584,
        "duration": 666
    },
    {
        "name": "rocklobster_2walkspeed",
        "time": 113265,
        "duration": 666
    },
    {
        "name": "rocklobster_2walkspeedlong",
        "time": 113932,
        "duration": 666
    },
    {
        "name": "rocklobster_2walkspeed",
        "time": 114592,
        "duration": 666
    },
    {
        "name": "rocklobster_2kneeling",
        "time": 117769,
        "duration": 666
    },
    {
        "name": "rocklobster_2muscledown",
        "time": 120571,
        "duration": 666
    },
    {
        "name": "rocklobster_2muscleshake",
        "time": 121219,
        "duration": 666
    },
    {
        "name": "rocklobster_2muscleshake",
        "time": 121871,
        "duration": 666
    },
    {
        "name": "rocklobster_2muscleshake",
        "time": 122523,
        "duration": 666
    },
    {
        "name": "rocklobster_2muscleup",
        "time": 123186,
        "duration": 666
    },
    {
        "name": "rocklobster_2muscleshake",
        "time": 123834,
        "duration": 666
    },
    {
        "name": "rocklobster_wippersright",
        "time": 125775,
        "duration": 666
    },
    {
        "name": "rocklobster_wippersright",
        "time": 126431,
        "duration": 666
    },
    {
        "name": "rocklobster_wipperswooha",
        "time": 127078,
        "duration": 499
    },
    {
        "name": "rocklobster_wipperswooha",
        "time": 127727,
        "duration": 499
    },
    {
        "name": "rocklobster_wippersleft",
        "time": 128385,
        "duration": 666
    },
    {
        "name": "rocklobster_wippersleft",
        "time": 129034,
        "duration": 666
    },
    {
        "name": "rocklobster_wipperswooha",
        "time": 129690,
        "duration": 499
    },
    {
        "name": "rocklobster_wipperswooha",
        "time": 130339,
        "duration": 499
    },
    {
        "name": "rocklobster_wippersright",
        "time": 131003,
        "duration": 666
    },
    {
        "name": "rocklobster_wippersright",
        "time": 131646,
        "duration": 666
    },
    {
        "name": "rocklobster_wipperswooha",
        "time": 132305,
        "duration": 499
    },
    {
        "name": "rocklobster_wipperswooha",
        "time": 132954,
        "duration": 499
    },
    {
        "name": "rocklobster_wippersleft",
        "time": 133603,
        "duration": 666
    },
    {
        "name": "rocklobster_wippersleft",
        "time": 134250,
        "duration": 666
    },
    {
        "name": "rocklobster_wipperswooha",
        "time": 134909,
        "duration": 499
    },
    {
        "name": "rocklobster_wipperswooha",
        "time": 135556,
        "duration": 499
    },
    {
        "name": "rocklobster_wippersright",
        "time": 136216,
        "duration": 666
    },
    {
        "name": "rocklobster_wippersright",
        "time": 136867,
        "duration": 666
    },
    {
        "name": "rocklobster_wipperswooha",
        "time": 137514,
        "duration": 499
    },
    {
        "name": "rocklobster_wipperswooha",
        "time": 138176,
        "duration": 499
    },
    {
        "name": "rocklobster_2twist",
        "time": 141279,
        "duration": 666
    },
    {
        "name": "rocklobster_2twist",
        "time": 141917,
        "duration": 666
    },
    {
        "name": "rocklobster_2twist",
        "time": 142589,
        "duration": 666
    },
    {
        "name": "rocklobster_2twist",
        "time": 143236,
        "duration": 666
    },
    {
        "name": "rocklobster_2twist",
        "time": 143903,
        "duration": 666
    },
    {
        "name": "rocklobster_2twist",
        "time": 144570,
        "duration": 666
    },
    {
        "name": "rocklobster_2twist",
        "time": 145229,
        "duration": 666
    },
    {
        "name": "rocklobster_2twist",
        "time": 145896,
        "duration": 666
    },
    {
        "name": "rocklobster_buttsmash1",
        "time": 146724,
        "duration": 666
    },
    {
        "name": "rocklobster_buttsmash2",
        "time": 147384,
        "duration": 499
    },
    {
        "name": "rocklobster_buttsmash1",
        "time": 148048,
        "duration": 666
    },
    {
        "name": "rocklobster_buttsmash2",
        "time": 148703,
        "duration": 499
    },
    {
        "name": "rocklobster_2twist",
        "time": 149200,
        "duration": 666
    },
    {
        "name": "rocklobster_2twist",
        "time": 149852,
        "duration": 666
    },
    {
        "name": "rocklobster_2twist",
        "time": 150509,
        "duration": 666
    },
    {
        "name": "rocklobster_2twist",
        "time": 151176,
        "duration": 666
    },
    {
        "name": "rocklobster_2dizzy",
        "time": 153648,
        "duration": 666
    },
    {
        "name": "rocklobster_2dizzy",
        "time": 154485,
        "duration": 666
    },
    {
        "name": "rocklobster_2dizzy2",
        "time": 157572,
        "duration": 666
    },
    {
        "name": "rocklobster_2dizzy",
        "time": 159963,
        "duration": 666
    },
    {
        "name": "rocklobster_2dizzy",
        "time": 161807,
        "duration": 666
    },
    {
        "name": "rocklobster_dizzyraise",
        "time": 166502,
        "duration": 1333
    },
    {
        "name": "rocklobster_dizzyjoin",
        "time": 168591,
        "duration": 1333
    },
    {
        "name": "rocklobster_2dizzyouch",
        "time": 170885,
        "duration": 999
    },
    {
        "name": "rocklobster_2knock",
        "time": 175668,
        "duration": 333
    },
    {
        "name": "rocklobster_2knock",
        "time": 175983,
        "duration": 333
    },
    {
        "name": "rocklobster_2knock",
        "time": 176308,
        "duration": 333
    },
    {
        "name": "rocklobster_2knock",
        "time": 176628,
        "duration": 333
    },
    {
        "name": "rocklobster_2knock",
        "time": 176937,
        "duration": 333
    },
    {
        "name": "rocklobster_2knock",
        "time": 177251,
        "duration": 333
    },
    {
        "name": "rocklobster_2knock",
        "time": 177579,
        "duration": 333
    },
    {
        "name": "rocklobster_lobsterjumpright",
        "time": 178223,
        "duration": 666
    },
    {
        "name": "rocklobster_lobsterjumpleft",
        "time": 178862,
        "duration": 666
    },
    {
        "name": "rocklobster_lobsterjumpright",
        "time": 179512,
        "duration": 666
    },
    {
        "name": "rocklobster_lobsterjumpleft",
        "time": 180152,
        "duration": 666
    },
    {
        "name": "rocklobster_lobsterslide",
        "time": 180959,
        "duration": 666
    },
    {
        "name": "rocklobster_lobsterslide",
        "time": 181608,
        "duration": 666
    },
    {
        "name": "rocklobster_lobstersteet",
        "time": 182580,
        "duration": 666,
        "goldMove": 1
    },
    {
        "name": "rocklobster_lobsterjumpright",
        "time": 183213,
        "duration": 666
    },
    {
        "name": "rocklobster_lobsterjumpleft",
        "time": 183851,
        "duration": 666
    },
    {
        "name": "rocklobster_lobsterjumpright",
        "time": 184493,
        "duration": 666
    },
    {
        "name": "rocklobster_lobsterjumpleft",
        "time": 185135,
        "duration": 666
    },
    {
        "name": "rocklobster_lobsterslide",
        "time": 185941,
        "duration": 666
    },
    {
        "name": "rocklobster_lobsterslide",
        "time": 186587,
        "duration": 666
    },
    {
        "name": "rocklobster_lobstersteet",
        "time": 187727,
        "duration": 666,
        "goldMove": 1
    },
    {
        "name": "rocklobster_1carhorn",
        "time": 189167,
        "duration": 832
    },
    {
        "name": "rocklobster_1carcrazy",
        "time": 190334,
        "duration": 832
    },
    {
        "name": "rocklobster_1carhorn",
        "time": 191804,
        "duration": 832
    },
    {
        "name": "rocklobster_1carcrazy",
        "time": 192933,
        "duration": 832
    },
    {
        "name": "rocklobster_1carhorn",
        "time": 194391,
        "duration": 832
    },
    {
        "name": "rocklobster_1carcrazy",
        "time": 195550,
        "duration": 832
    },
    {
        "name": "rocklobster_1carhorn",
        "time": 197039,
        "duration": 832
    },
    {
        "name": "rocklobster_1carcrazy",
        "time": 198188,
        "duration": 832
    },
    {
        "name": "rocklobster_2twist",
        "time": 199521,
        "duration": 666
    },
    {
        "name": "rocklobster_2twist",
        "time": 200188,
        "duration": 666
    },
    {
        "name": "rocklobster_2twist",
        "time": 200854,
        "duration": 666
    },
    {
        "name": "rocklobster_2twist",
        "time": 201521,
        "duration": 666
    },
    {
        "name": "rocklobster_2twist",
        "time": 202188,
        "duration": 666
    },
    {
        "name": "rocklobster_2twist",
        "time": 202854,
        "duration": 666
    },
    {
        "name": "rocklobster_2twist",
        "time": 203521,
        "duration": 666
    },
    {
        "name": "rocklobster_buttsmash1",
        "time": 204354,
        "duration": 666
    },
    {
        "name": "rocklobster_buttsmash2",
        "time": 205021,
        "duration": 499
    },
    {
        "name": "rocklobster_buttsmash1",
        "time": 205704,
        "duration": 666
    },
    {
        "name": "rocklobster_buttsmash2",
        "time": 206375,
        "duration": 499
    },
    {
        "name": "rocklobster_buttsmash1",
        "time": 207050,
        "duration": 666
    },
    {
        "name": "rocklobster_buttsmash2",
        "time": 207746,
        "duration": 499
    },
    {
        "name": "rocklobster_buttsmash1",
        "time": 208422,
        "duration": 666
    },
    {
        "name": "rocklobster_buttsmash2",
        "time": 209107,
        "duration": 499
    },
    {
        "name": "rocklobster_2twist",
        "time": 209602,
        "duration": 666
    },
    {
        "name": "rocklobster_2twist",
        "time": 210261,
        "duration": 666
    },
    {
        "name": "rocklobster_2twist",
        "time": 210939,
        "duration": 666
    },
    {
        "name": "rocklobster_2twist",
        "time": 211597,
        "duration": 666
    },
    {
        "name": "rocklobster_2twist",
        "time": 212265,
        "duration": 666
    },
    {
        "name": "rocklobster_2twist",
        "time": 212926,
        "duration": 666
    },
    {
        "name": "rocklobster_2twist",
        "time": 213592,
        "duration": 666
    },
    {
        "name": "rocklobster_2twist",
        "time": 214274,
        "duration": 666
    },
    {
        "name": "rocklobster_buttsmash1",
        "time": 215095,
        "duration": 666
    },
    {
        "name": "rocklobster_buttsmash2",
        "time": 215759,
        "duration": 499
    },
    {
        "name": "rocklobster_buttsmash1",
        "time": 216425,
        "duration": 666
    },
    {
        "name": "rocklobster_buttsmash2",
        "time": 217092,
        "duration": 499
    },
    {
        "name": "rocklobster_buttsmash1",
        "time": 217753,
        "duration": 666
    },
    {
        "name": "rocklobster_buttsmash2",
        "time": 218401,
        "duration": 499
    },
    {
        "name": "rocklobster_buttsmash1",
        "time": 219083,
        "duration": 666
    },
    {
        "name": "rocklobster_buttsmash2",
        "time": 219750,
        "duration": 499
    }
]