[
    {
        "name": "carelesswhisper_01snap",
        "time": 3866,
        "duration": 1546
    },
    {
        "name": "carelesswhisper_01joinintro",
        "time": 5800,
        "duration": 1159
    },
    {
        "name": "carelesswhisper_01join",
        "time": 8895,
        "duration": 1159
    },
    {
        "name": "carelesswhisper_wingsup",
        "time": 15868,
        "duration": 1546
    },
    {
        "name": "carelesswhisper_01wingsdown",
        "time": 17420,
        "duration": 1159
    },
    {
        "name": "carelesswhisper_donttouch",
        "time": 30768,
        "duration": 1159
    },
    {
        "name": "carelesswhisper_firstintenseout",
        "time": 33903,
        "duration": 773
    },
    {
        "name": "carelesswhisper_intenseout",
        "time": 35470,
        "duration": 773
    },
    {
        "name": "carelesswhisper_donttouch",
        "time": 37037,
        "duration": 1159
    },
    {
        "name": "carelesswhisper_firstintenseout",
        "time": 40170,
        "duration": 773
    },
    {
        "name": "carelesswhisper_intenseout",
        "time": 41730,
        "duration": 773
    },
    {
        "name": "carelesswhisper_wingsup",
        "time": 55792,
        "duration": 1546
    },
    {
        "name": "carelesswhisper_wingsdown",
        "time": 57357,
        "duration": 1546
    },
    {
        "name": "carelesswhisper_cometoyou",
        "time": 59313,
        "duration": 773
    },
    {
        "name": "carelesswhisper_turning",
        "time": 60096,
        "duration": 2320,
        "goldMove": 1
    },
    {
        "name": "carelesswhisper_rollingdown",
        "time": 62444,
        "duration": 773
    },
    {
        "name": "carelesswhisper_rollingup",
        "time": 63233,
        "duration": 1159
    },
    {
        "name": "carelesswhisper_rollingdown",
        "time": 64416,
        "duration": 773
    },
    {
        "name": "carelesswhisper_heartache",
        "time": 65204,
        "duration": 1159
    },
    {
        "name": "carelesswhisper_wingsup",
        "time": 68334,
        "duration": 1546
    },
    {
        "name": "carelesswhisper_wingsdown",
        "time": 69914,
        "duration": 1546
    },
    {
        "name": "carelesswhisper_cometoyou",
        "time": 71897,
        "duration": 773
    },
    {
        "name": "carelesswhisper_turning",
        "time": 72679,
        "duration": 2320,
        "goldMove": 1
    },
    {
        "name": "carelesswhisper_rollingdown",
        "time": 75023,
        "duration": 773
    },
    {
        "name": "carelesswhisper_rollingup",
        "time": 75816,
        "duration": 1159
    },
    {
        "name": "carelesswhisper_rollingdown",
        "time": 77005,
        "duration": 773
    },
    {
        "name": "carelesswhisper_heartache",
        "time": 77798,
        "duration": 1159
    },
    {
        "name": "carelesswhisper_01posing",
        "time": 83349,
        "duration": 1159
    },
    {
        "name": "carelesswhisper_01grabher",
        "time": 85725,
        "duration": 773
    },
    {
        "name": "carelesswhisper_donttouch",
        "time": 93577,
        "duration": 1159
    },
    {
        "name": "carelesswhisper_firstintenseout",
        "time": 96703,
        "duration": 773
    },
    {
        "name": "carelesswhisper_intenseout",
        "time": 98265,
        "duration": 773
    },
    {
        "name": "carelesswhisper_donttouch",
        "time": 99827,
        "duration": 1159
    },
    {
        "name": "carelesswhisper_firstintenseout",
        "time": 102965,
        "duration": 773
    },
    {
        "name": "carelesswhisper_intenseout",
        "time": 104534,
        "duration": 773
    },
    {
        "name": "carelesswhisper_wingsup",
        "time": 118591,
        "duration": 1546
    },
    {
        "name": "carelesswhisper_wingsdown",
        "time": 120169,
        "duration": 1546
    },
    {
        "name": "carelesswhisper_cometoyou",
        "time": 122148,
        "duration": 773
    },
    {
        "name": "carelesswhisper_turning",
        "time": 122931,
        "duration": 2320,
        "goldMove": 1
    },
    {
        "name": "carelesswhisper_rollingdown",
        "time": 125279,
        "duration": 773
    },
    {
        "name": "carelesswhisper_rollingup",
        "time": 126065,
        "duration": 1159
    },
    {
        "name": "carelesswhisper_rollingdown",
        "time": 127245,
        "duration": 773
    },
    {
        "name": "carelesswhisper_heartache",
        "time": 128032,
        "duration": 1159
    },
    {
        "name": "carelesswhisper_wingsup",
        "time": 131172,
        "duration": 1546
    },
    {
        "name": "carelesswhisper_wingsdown",
        "time": 132742,
        "duration": 1546
    },
    {
        "name": "carelesswhisper_cometoyou",
        "time": 134705,
        "duration": 773
    },
    {
        "name": "carelesswhisper_turning",
        "time": 135492,
        "duration": 2320,
        "goldMove": 1
    },
    {
        "name": "carelesswhisper_rollingdown",
        "time": 137854,
        "duration": 773
    },
    {
        "name": "carelesswhisper_rollingup",
        "time": 138641,
        "duration": 1159
    },
    {
        "name": "carelesswhisper_rollingdown",
        "time": 139821,
        "duration": 773
    },
    {
        "name": "carelesswhisper_heartache",
        "time": 140608,
        "duration": 1159
    },
    {
        "name": "carelesswhisper_01joinintro",
        "time": 143726,
        "duration": 1159
    },
    {
        "name": "carelesswhisper_01join",
        "time": 146921,
        "duration": 1159
    },
    {
        "name": "carelesswhisper_wingsup",
        "time": 154012,
        "duration": 1546
    },
    {
        "name": "carelesswhisper_01wingsdown",
        "time": 155594,
        "duration": 1159
    },
    {
        "name": "carelesswhisper_01kneedown",
        "time": 168695,
        "duration": 1159
    },
    {
        "name": "carelesswhisper_01_passionate01",
        "time": 175036,
        "duration": 1159
    },
    {
        "name": "carelesswhisper_01_passionate02",
        "time": 176604,
        "duration": 1546
    },
    {
        "name": "carelesswhisper_01classical",
        "time": 181737,
        "duration": 1546
    },
    {
        "name": "carelesswhisper_01musicbox",
        "time": 184918,
        "duration": 3094
    },
    {
        "name": "carelesswhisper_wingsup",
        "time": 194431,
        "duration": 1546
    },
    {
        "name": "carelesswhisper_wingsdown",
        "time": 196024,
        "duration": 1546
    },
    {
        "name": "carelesswhisper_cometoyou",
        "time": 198021,
        "duration": 773
    },
    {
        "name": "carelesswhisper_turning",
        "time": 198813,
        "duration": 2320,
        "goldMove": 1
    },
    {
        "name": "carelesswhisper_rollingdown",
        "time": 201188,
        "duration": 773
    },
    {
        "name": "carelesswhisper_rollingup",
        "time": 201972,
        "duration": 1159
    },
    {
        "name": "carelesswhisper_rollingdown",
        "time": 203146,
        "duration": 773
    },
    {
        "name": "carelesswhisper_heartache",
        "time": 203930,
        "duration": 1159
    },
    {
        "name": "carelesswhisper_wingsup",
        "time": 207070,
        "duration": 1546
    },
    {
        "name": "carelesswhisper_wingsdown",
        "time": 208641,
        "duration": 1546
    },
    {
        "name": "carelesswhisper_cometoyou",
        "time": 210604,
        "duration": 773
    },
    {
        "name": "carelesswhisper_turning",
        "time": 211389,
        "duration": 2320,
        "goldMove": 1
    },
    {
        "name": "carelesswhisper_rollingdown",
        "time": 213742,
        "duration": 773
    },
    {
        "name": "carelesswhisper_rollingup",
        "time": 214531,
        "duration": 1159
    },
    {
        "name": "carelesswhisper_rollingdown",
        "time": 215713,
        "duration": 773
    },
    {
        "name": "carelesswhisper_heartache",
        "time": 216502,
        "duration": 1159
    },
    {
        "name": "carelesswhisper_01joinintro",
        "time": 219643,
        "duration": 1159
    },
    {
        "name": "carelesswhisper_01join",
        "time": 222839,
        "duration": 1159
    },
    {
        "name": "carelesswhisper_wingsup",
        "time": 229921,
        "duration": 1546
    },
    {
        "name": "carelesswhisper_01wingsdown",
        "time": 231497,
        "duration": 1159
    }
]