[
    {
        "name": "limbo_vamos",
        "time": 17759,
        "duration": 960
    },
    {
        "name": "limbo_vamos",
        "time": 19680,
        "duration": 960
    },
    {
        "name": "limbo_limboshake",
        "time": 21599,
        "duration": 960
    },
    {
        "name": "limbo_limboshake",
        "time": 22560,
        "duration": 960
    },
    {
        "name": "limbo_limboshake",
        "time": 23520,
        "duration": 960
    },
    {
        "name": "limbo_vamos",
        "time": 25440,
        "duration": 960
    },
    {
        "name": "limbo_vamos",
        "time": 27360,
        "duration": 960
    },
    {
        "name": "limbo_limboshake",
        "time": 29280,
        "duration": 960
    },
    {
        "name": "limbo_limboshake",
        "time": 30240,
        "duration": 960
    },
    {
        "name": "limbo_chacha",
        "time": 31920,
        "duration": 720,
        "goldMove": 1
    },
    {
        "name": "limbo_whipfront",
        "time": 32880,
        "duration": 480
    },
    {
        "name": "limbo_whipback",
        "time": 33360,
        "duration": 960
    },
    {
        "name": "limbo_whipfront",
        "time": 34800,
        "duration": 480
    },
    {
        "name": "limbo_whipback",
        "time": 35279,
        "duration": 960
    },
    {
        "name": "limbo_pushdown",
        "time": 36720,
        "duration": 480
    },
    {
        "name": "limbo_caliente",
        "time": 37440,
        "duration": 960
    },
    {
        "name": "limbo_pushdown",
        "time": 38640,
        "duration": 480
    },
    {
        "name": "limbo_caliente",
        "time": 39360,
        "duration": 960
    },
    {
        "name": "limbo_walk",
        "time": 40560,
        "duration": 960
    },
    {
        "name": "limbo_walk",
        "time": 41520,
        "duration": 960
    },
    {
        "name": "limbo_walk",
        "time": 42480,
        "duration": 960
    },
    {
        "name": "limbo_walk",
        "time": 43439,
        "duration": 960
    },
    {
        "name": "limbo_pushdown",
        "time": 44400,
        "duration": 480
    },
    {
        "name": "limbo_caliente",
        "time": 45120,
        "duration": 960
    },
    {
        "name": "limbo_whipfront",
        "time": 48240,
        "duration": 480
    },
    {
        "name": "limbo_whipback",
        "time": 48720,
        "duration": 960
    },
    {
        "name": "limbo_whipfront",
        "time": 50160,
        "duration": 480
    },
    {
        "name": "limbo_whipback",
        "time": 50640,
        "duration": 960
    },
    {
        "name": "limbo_pushdown",
        "time": 52080,
        "duration": 480
    },
    {
        "name": "limbo_caliente",
        "time": 52800,
        "duration": 960
    },
    {
        "name": "limbo_pushdown",
        "time": 54000,
        "duration": 480
    },
    {
        "name": "limbo_caliente",
        "time": 54720,
        "duration": 960
    },
    {
        "name": "limbo_walk",
        "time": 55920,
        "duration": 960
    },
    {
        "name": "limbo_walk",
        "time": 56880,
        "duration": 960
    },
    {
        "name": "limbo_walk",
        "time": 57840,
        "duration": 960
    },
    {
        "name": "limbo_walk",
        "time": 58800,
        "duration": 960
    },
    {
        "name": "limbo_pushdown",
        "time": 59760,
        "duration": 480
    },
    {
        "name": "limbo_caliente",
        "time": 60480,
        "duration": 960
    },
    {
        "name": "limbo_calorstart",
        "time": 63840,
        "duration": 720
    },
    {
        "name": "limbo_calor",
        "time": 64560,
        "duration": 960
    },
    {
        "name": "limbo_calor",
        "time": 65520,
        "duration": 960
    },
    {
        "name": "limbo_calorstart",
        "time": 66480,
        "duration": 720
    },
    {
        "name": "limbo_pushout",
        "time": 67440,
        "duration": 480
    },
    {
        "name": "limbo_pushout",
        "time": 69360,
        "duration": 480
    },
    {
        "name": "limbo_circleright",
        "time": 71279,
        "duration": 720
    },
    {
        "name": "limbo_circleright",
        "time": 75120,
        "duration": 720
    },
    {
        "name": "limbo_sideleft",
        "time": 78960,
        "duration": 720
    },
    {
        "name": "limbo_sideleft",
        "time": 79920,
        "duration": 720
    },
    {
        "name": "limbo_sidedown",
        "time": 80880,
        "duration": 960
    },
    {
        "name": "limbo_siderigth",
        "time": 82800,
        "duration": 720
    },
    {
        "name": "limbo_siderigth",
        "time": 83760,
        "duration": 720
    },
    {
        "name": "limbo_sidedown",
        "time": 84720,
        "duration": 960
    },
    {
        "name": "limbo_vamos",
        "time": 86880,
        "duration": 960
    },
    {
        "name": "limbo_vamos",
        "time": 88800,
        "duration": 960
    },
    {
        "name": "limbo_limboshake",
        "time": 90720,
        "duration": 960
    },
    {
        "name": "limbo_limboshake",
        "time": 91680,
        "duration": 960
    },
    {
        "name": "limbo_limboshake",
        "time": 92640,
        "duration": 960
    },
    {
        "name": "limbo_vamos",
        "time": 94560,
        "duration": 960
    },
    {
        "name": "limbo_vamos",
        "time": 96480,
        "duration": 960
    },
    {
        "name": "limbo_limboshake",
        "time": 98400,
        "duration": 960
    },
    {
        "name": "limbo_limboshake",
        "time": 99360,
        "duration": 960
    },
    {
        "name": "limbo_chacha",
        "time": 101040,
        "duration": 720,
        "goldMove": 1
    },
    {
        "name": "limbo_whipfront",
        "time": 102000,
        "duration": 480
    },
    {
        "name": "limbo_whipback",
        "time": 102480,
        "duration": 960
    },
    {
        "name": "limbo_whipfront",
        "time": 103920,
        "duration": 480
    },
    {
        "name": "limbo_whipback",
        "time": 104400,
        "duration": 960
    },
    {
        "name": "limbo_pushdown",
        "time": 105840,
        "duration": 480
    },
    {
        "name": "limbo_caliente",
        "time": 106560,
        "duration": 960
    },
    {
        "name": "limbo_pushdown",
        "time": 107760,
        "duration": 480
    },
    {
        "name": "limbo_caliente",
        "time": 108480,
        "duration": 960
    },
    {
        "name": "limbo_walk",
        "time": 109680,
        "duration": 960
    },
    {
        "name": "limbo_walk",
        "time": 110640,
        "duration": 960
    },
    {
        "name": "limbo_walk",
        "time": 111600,
        "duration": 960
    },
    {
        "name": "limbo_walk",
        "time": 112560,
        "duration": 960
    },
    {
        "name": "limbo_pushdown",
        "time": 113520,
        "duration": 480
    },
    {
        "name": "limbo_caliente",
        "time": 114240,
        "duration": 960
    },
    {
        "name": "limbo_whipfront",
        "time": 117360,
        "duration": 480
    },
    {
        "name": "limbo_whipback",
        "time": 117840,
        "duration": 960
    },
    {
        "name": "limbo_whipfront",
        "time": 119280,
        "duration": 480
    },
    {
        "name": "limbo_whipback",
        "time": 119760,
        "duration": 960
    },
    {
        "name": "limbo_pushdown",
        "time": 121200,
        "duration": 480
    },
    {
        "name": "limbo_caliente",
        "time": 121919,
        "duration": 960
    },
    {
        "name": "limbo_pushdown",
        "time": 123120,
        "duration": 480
    },
    {
        "name": "limbo_caliente",
        "time": 123840,
        "duration": 960
    },
    {
        "name": "limbo_walk",
        "time": 125040,
        "duration": 960
    },
    {
        "name": "limbo_walk",
        "time": 126000,
        "duration": 960
    },
    {
        "name": "limbo_walk",
        "time": 126960,
        "duration": 960
    },
    {
        "name": "limbo_walk",
        "time": 127920,
        "duration": 960
    },
    {
        "name": "limbo_pushdown",
        "time": 128880,
        "duration": 480
    },
    {
        "name": "limbo_caliente",
        "time": 129600,
        "duration": 960
    },
    {
        "name": "limbo_calorstart",
        "time": 132960,
        "duration": 720
    },
    {
        "name": "limbo_calor",
        "time": 133680,
        "duration": 960
    },
    {
        "name": "limbo_calor",
        "time": 134640,
        "duration": 960
    },
    {
        "name": "limbo_calorstart",
        "time": 135600,
        "duration": 720
    },
    {
        "name": "limbo_pushout",
        "time": 136560,
        "duration": 480
    },
    {
        "name": "limbo_pushout",
        "time": 138480,
        "duration": 480
    },
    {
        "name": "limbo_circleright",
        "time": 140400,
        "duration": 720
    },
    {
        "name": "limbo_circleright",
        "time": 144240,
        "duration": 720
    },
    {
        "name": "limbo_sideleft",
        "time": 148080,
        "duration": 720
    },
    {
        "name": "limbo_sideleft",
        "time": 149040,
        "duration": 720
    },
    {
        "name": "limbo_sidedown",
        "time": 150000,
        "duration": 960
    },
    {
        "name": "limbo_siderigth",
        "time": 151920,
        "duration": 720
    },
    {
        "name": "limbo_siderigth",
        "time": 152880,
        "duration": 720
    },
    {
        "name": "limbo_sidedown",
        "time": 153840,
        "duration": 960
    },
    {
        "name": "limbo_vamos",
        "time": 156000,
        "duration": 960
    },
    {
        "name": "limbo_vamos",
        "time": 157920,
        "duration": 960
    },
    {
        "name": "limbo_limboshake",
        "time": 159840,
        "duration": 960
    },
    {
        "name": "limbo_limboshake",
        "time": 160800,
        "duration": 960
    },
    {
        "name": "limbo_limboshake",
        "time": 161760,
        "duration": 960
    },
    {
        "name": "limbo_vamos",
        "time": 163679,
        "duration": 960
    },
    {
        "name": "limbo_vamos",
        "time": 165600,
        "duration": 960
    },
    {
        "name": "limbo_limboshake",
        "time": 167520,
        "duration": 960
    },
    {
        "name": "limbo_limboshake",
        "time": 168480,
        "duration": 960
    },
    {
        "name": "limbo_chacha",
        "time": 170160,
        "duration": 720,
        "goldMove": 1
    },
    {
        "name": "limbo_whipfront",
        "time": 171120,
        "duration": 480
    },
    {
        "name": "limbo_whipback",
        "time": 171600,
        "duration": 960
    },
    {
        "name": "limbo_whipfront",
        "time": 173039,
        "duration": 480
    },
    {
        "name": "limbo_whipback",
        "time": 173520,
        "duration": 960
    },
    {
        "name": "limbo_pushdown",
        "time": 174960,
        "duration": 480
    },
    {
        "name": "limbo_caliente",
        "time": 175680,
        "duration": 960
    },
    {
        "name": "limbo_pushdown",
        "time": 176880,
        "duration": 480
    },
    {
        "name": "limbo_caliente",
        "time": 177600,
        "duration": 960
    },
    {
        "name": "limbo_walk",
        "time": 178800,
        "duration": 960
    },
    {
        "name": "limbo_walk",
        "time": 179760,
        "duration": 960
    },
    {
        "name": "limbo_walk",
        "time": 180720,
        "duration": 960
    },
    {
        "name": "limbo_walk",
        "time": 181680,
        "duration": 960
    },
    {
        "name": "limbo_pushdown",
        "time": 182640,
        "duration": 480
    },
    {
        "name": "limbo_caliente",
        "time": 183360,
        "duration": 960
    },
    {
        "name": "limbo_caliente",
        "time": 184320,
        "duration": 960
    },
    {
        "name": "limbo_whipfront",
        "time": 186480,
        "duration": 480
    },
    {
        "name": "limbo_whipback",
        "time": 186960,
        "duration": 960
    },
    {
        "name": "limbo_whipfront",
        "time": 188400,
        "duration": 480
    },
    {
        "name": "limbo_whipback",
        "time": 188880,
        "duration": 960
    },
    {
        "name": "limbo_pushdown",
        "time": 190320,
        "duration": 480
    },
    {
        "name": "limbo_caliente",
        "time": 191040,
        "duration": 960
    },
    {
        "name": "limbo_pushdown",
        "time": 192240,
        "duration": 480
    },
    {
        "name": "limbo_caliente",
        "time": 192960,
        "duration": 960
    },
    {
        "name": "limbo_walk",
        "time": 194160,
        "duration": 960
    },
    {
        "name": "limbo_walk",
        "time": 195120,
        "duration": 960
    },
    {
        "name": "limbo_walk",
        "time": 196080,
        "duration": 960
    },
    {
        "name": "limbo_walk",
        "time": 197040,
        "duration": 960
    },
    {
        "name": "limbo_pushdown",
        "time": 198000,
        "duration": 480
    },
    {
        "name": "limbo_caliente",
        "time": 198720,
        "duration": 960
    },
    {
        "name": "limbo_caliente",
        "time": 199680,
        "duration": 960
    },
    {
        "name": "limbo_limboshake",
        "time": 202080,
        "duration": 960
    },
    {
        "name": "limbo_limboshake",
        "time": 203040,
        "duration": 960
    },
    {
        "name": "limbo_limboshake",
        "time": 204000,
        "duration": 960
    },
    {
        "name": "limbo_limboshake",
        "time": 204960,
        "duration": 960
    },
    {
        "name": "limbo_limboshake",
        "time": 205920,
        "duration": 960
    },
    {
        "name": "limbo_limbodownjennifer",
        "time": 209280,
        "duration": 720
    },
    {
        "name": "limbo_limbodownjennifer",
        "time": 211200,
        "duration": 720
    },
    {
        "name": "limbo_limbodownjennifer",
        "time": 213120,
        "duration": 720
    },
    {
        "name": "limbo_finaljennstep2",
        "time": 218880,
        "duration": 720
    },
    {
        "name": "limbo_finaljennstep2",
        "time": 219600,
        "duration": 720
    },
    {
        "name": "limbo_finaljennpush",
        "time": 224640,
        "duration": 720
    }
]