[
    {
        "name": "jerkitout_uncrosscross",
        "time": 6925,
        "duration": 1000
    },
    {
        "name": "jerkitout_uncrosscross",
        "time": 7820,
        "duration": 1000
    },
    {
        "name": "jerkitout_uncrosscross",
        "time": 8716,
        "duration": 1000
    },
    {
        "name": "jerkitout_uncrosscross",
        "time": 9611,
        "duration": 1000
    },
    {
        "name": "jerkitout_uncrosscross",
        "time": 10507,
        "duration": 1000
    },
    {
        "name": "jerkitout_uncrosscross",
        "time": 11402,
        "duration": 1000
    },
    {
        "name": "jerkitout_uncrosscross",
        "time": 12298,
        "duration": 1000
    },
    {
        "name": "jerkitout_uncrosscross",
        "time": 13193,
        "duration": 1000
    },
    {
        "name": "jerkitout_carltondanceintro",
        "time": 14089,
        "duration": 500
    },
    {
        "name": "jerkitout_carltondance",
        "time": 14537,
        "duration": 1000
    },
    {
        "name": "jerkitout_carltondance",
        "time": 15432,
        "duration": 1000
    },
    {
        "name": "jerkitout_carltondance",
        "time": 16328,
        "duration": 1000
    },
    {
        "name": "jerkitout_cartlondanceouto",
        "time": 17223,
        "duration": 500
    },
    {
        "name": "jerkitout_uncrosscross",
        "time": 17671,
        "duration": 1000
    },
    {
        "name": "jerkitout_uncrosscross",
        "time": 18566,
        "duration": 1000
    },
    {
        "name": "jerkitout_uncrosscross",
        "time": 19462,
        "duration": 1000
    },
    {
        "name": "jerkitout_uncrosscross",
        "time": 20357,
        "duration": 1000
    },
    {
        "name": "jerkitout_carltondanceintro",
        "time": 21253,
        "duration": 500
    },
    {
        "name": "jerkitout_carltondance",
        "time": 21701,
        "duration": 1000
    },
    {
        "name": "jerkitout_carltondance",
        "time": 22596,
        "duration": 1000
    },
    {
        "name": "jerkitout_carltondance",
        "time": 23492,
        "duration": 1000
    },
    {
        "name": "jerkitout_cartlondanceouto",
        "time": 24387,
        "duration": 500
    },
    {
        "name": "jerkitout_uncrosscross",
        "time": 24835,
        "duration": 1000
    },
    {
        "name": "jerkitout_uncrosscross",
        "time": 25731,
        "duration": 1000
    },
    {
        "name": "jerkitout_uncrosscross",
        "time": 26626,
        "duration": 1000
    },
    {
        "name": "jerkitout_uncrosscross",
        "time": 27522,
        "duration": 1000
    },
    {
        "name": "jerkitout_straps",
        "time": 28865,
        "duration": 750
    },
    {
        "name": "jerkitout_straps",
        "time": 29760,
        "duration": 750
    },
    {
        "name": "jerkitout_straps",
        "time": 30656,
        "duration": 750
    },
    {
        "name": "jerkitout_straps",
        "time": 31551,
        "duration": 750
    },
    {
        "name": "jerkitout_bike",
        "time": 32447,
        "duration": 500
    },
    {
        "name": "jerkitout_bikeback",
        "time": 32895,
        "duration": 500
    },
    {
        "name": "jerkitout_bike",
        "time": 33342,
        "duration": 500
    },
    {
        "name": "jerkitout_bikeback",
        "time": 33790,
        "duration": 500
    },
    {
        "name": "jerkitout_bike",
        "time": 34238,
        "duration": 500
    },
    {
        "name": "jerkitout_bikeback",
        "time": 34686,
        "duration": 500
    },
    {
        "name": "jerkitout_bike",
        "time": 35133,
        "duration": 500
    },
    {
        "name": "jerkitout_straps",
        "time": 36029,
        "duration": 750
    },
    {
        "name": "jerkitout_straps",
        "time": 36924,
        "duration": 750
    },
    {
        "name": "jerkitout_straps",
        "time": 37820,
        "duration": 750
    },
    {
        "name": "jerkitout_straps",
        "time": 38715,
        "duration": 750
    },
    {
        "name": "jerkitout_leftrightleftintro",
        "time": 39387,
        "duration": 500
    },
    {
        "name": "jerkitout_leftrightleft",
        "time": 39835,
        "duration": 1000
    },
    {
        "name": "jerkitout_leftrightleft",
        "time": 40730,
        "duration": 1000
    },
    {
        "name": "jerkitout_leftrightleft",
        "time": 41626,
        "duration": 1000
    },
    {
        "name": "jerkitout_runup",
        "time": 42969,
        "duration": 1000
    },
    {
        "name": "jerkitout_rundown",
        "time": 43864,
        "duration": 1000
    },
    {
        "name": "jerkitout_runup",
        "time": 44760,
        "duration": 1000
    },
    {
        "name": "jerkitout_rundown",
        "time": 45656,
        "duration": 1000
    },
    {
        "name": "jerkitout_leftrightleftintro",
        "time": 46551,
        "duration": 500
    },
    {
        "name": "jerkitout_leftrightleft",
        "time": 46999,
        "duration": 1000
    },
    {
        "name": "jerkitout_leftrightleft",
        "time": 47894,
        "duration": 1000
    },
    {
        "name": "jerkitout_leftrightleft",
        "time": 48790,
        "duration": 1000
    },
    {
        "name": "jerkitout_ranchroping",
        "time": 50133,
        "duration": 500
    },
    {
        "name": "jerkitout_ranchroping",
        "time": 50581,
        "duration": 500
    },
    {
        "name": "jerkitout_ranchroping",
        "time": 51029,
        "duration": 500
    },
    {
        "name": "jerkitout_jerkitoutpose",
        "time": 51476,
        "duration": 1000,
        "goldMove": 1
    },
    {
        "name": "jerkitout_uncrosscross",
        "time": 53715,
        "duration": 1000
    },
    {
        "name": "jerkitout_uncrosscross",
        "time": 54611,
        "duration": 1000
    },
    {
        "name": "jerkitout_uncrosscross",
        "time": 55506,
        "duration": 1000
    },
    {
        "name": "jerkitout_uncrosscross",
        "time": 56402,
        "duration": 1000
    },
    {
        "name": "jerkitout_uncrosscross",
        "time": 57297,
        "duration": 1000
    },
    {
        "name": "jerkitout_uncrosscross",
        "time": 58193,
        "duration": 1000
    },
    {
        "name": "jerkitout_uncrosscross",
        "time": 59088,
        "duration": 1000
    },
    {
        "name": "jerkitout_uncrosscross",
        "time": 59984,
        "duration": 1000
    },
    {
        "name": "jerkitout_carltondanceintro",
        "time": 60879,
        "duration": 500
    },
    {
        "name": "jerkitout_carltondance",
        "time": 61327,
        "duration": 1000
    },
    {
        "name": "jerkitout_carltondance",
        "time": 62222,
        "duration": 1000
    },
    {
        "name": "jerkitout_carltondance",
        "time": 63118,
        "duration": 1000
    },
    {
        "name": "jerkitout_cartlondanceouto",
        "time": 64013,
        "duration": 500
    },
    {
        "name": "jerkitout_uncrosscross",
        "time": 64461,
        "duration": 1000
    },
    {
        "name": "jerkitout_uncrosscross",
        "time": 65357,
        "duration": 1000
    },
    {
        "name": "jerkitout_uncrosscross",
        "time": 66252,
        "duration": 1000
    },
    {
        "name": "jerkitout_uncrosscross",
        "time": 67148,
        "duration": 1000
    },
    {
        "name": "jerkitout_carltondanceintro",
        "time": 68043,
        "duration": 500
    },
    {
        "name": "jerkitout_carltondance",
        "time": 68491,
        "duration": 1000
    },
    {
        "name": "jerkitout_carltondance",
        "time": 69387,
        "duration": 1000
    },
    {
        "name": "jerkitout_carltondance",
        "time": 70282,
        "duration": 1000
    },
    {
        "name": "jerkitout_cartlondanceouto",
        "time": 71178,
        "duration": 500
    },
    {
        "name": "jerkitout_uncrosscross",
        "time": 71625,
        "duration": 1000
    },
    {
        "name": "jerkitout_uncrosscross",
        "time": 72521,
        "duration": 1000
    },
    {
        "name": "jerkitout_uncrosscross",
        "time": 73416,
        "duration": 1000
    },
    {
        "name": "jerkitout_uncrosscross",
        "time": 74312,
        "duration": 1000
    },
    {
        "name": "jerkitout_straps",
        "time": 75431,
        "duration": 750
    },
    {
        "name": "jerkitout_straps",
        "time": 76327,
        "duration": 750
    },
    {
        "name": "jerkitout_straps",
        "time": 77222,
        "duration": 750
    },
    {
        "name": "jerkitout_straps",
        "time": 78118,
        "duration": 750
    },
    {
        "name": "jerkitout_bike",
        "time": 79013,
        "duration": 500
    },
    {
        "name": "jerkitout_bikeback",
        "time": 79461,
        "duration": 500
    },
    {
        "name": "jerkitout_bike",
        "time": 79909,
        "duration": 500
    },
    {
        "name": "jerkitout_bikeback",
        "time": 80357,
        "duration": 500
    },
    {
        "name": "jerkitout_bike",
        "time": 80804,
        "duration": 500
    },
    {
        "name": "jerkitout_bikeback",
        "time": 81252,
        "duration": 500
    },
    {
        "name": "jerkitout_bike",
        "time": 81700,
        "duration": 500
    },
    {
        "name": "jerkitout_straps",
        "time": 82595,
        "duration": 750
    },
    {
        "name": "jerkitout_straps",
        "time": 83491,
        "duration": 750
    },
    {
        "name": "jerkitout_straps",
        "time": 84386,
        "duration": 750
    },
    {
        "name": "jerkitout_straps",
        "time": 85282,
        "duration": 750
    },
    {
        "name": "jerkitout_leftrightleftintro",
        "time": 85953,
        "duration": 500
    },
    {
        "name": "jerkitout_leftrightleft",
        "time": 86401,
        "duration": 1000
    },
    {
        "name": "jerkitout_leftrightleft",
        "time": 87297,
        "duration": 1000
    },
    {
        "name": "jerkitout_leftrightleft",
        "time": 88192,
        "duration": 1000
    },
    {
        "name": "jerkitout_runup",
        "time": 89536,
        "duration": 1000
    },
    {
        "name": "jerkitout_rundown",
        "time": 90431,
        "duration": 1000
    },
    {
        "name": "jerkitout_runup",
        "time": 91327,
        "duration": 1000
    },
    {
        "name": "jerkitout_rundown",
        "time": 92222,
        "duration": 1000
    },
    {
        "name": "jerkitout_leftrightleftintro",
        "time": 93118,
        "duration": 500
    },
    {
        "name": "jerkitout_leftrightleft",
        "time": 93565,
        "duration": 1000
    },
    {
        "name": "jerkitout_leftrightleft",
        "time": 94461,
        "duration": 1000
    },
    {
        "name": "jerkitout_leftrightleft",
        "time": 95356,
        "duration": 1000
    },
    {
        "name": "jerkitout_ranchroping",
        "time": 96700,
        "duration": 500
    },
    {
        "name": "jerkitout_ranchroping",
        "time": 97147,
        "duration": 500
    },
    {
        "name": "jerkitout_ranchroping",
        "time": 97595,
        "duration": 500
    },
    {
        "name": "jerkitout_jerkitoutpose",
        "time": 98043,
        "duration": 1000,
        "goldMove": 1
    },
    {
        "name": "jerkitout_strongup",
        "time": 100282,
        "duration": 1000
    },
    {
        "name": "jerkitout_strongup",
        "time": 101177,
        "duration": 1000
    },
    {
        "name": "jerkitout_strongup",
        "time": 102073,
        "duration": 1000
    },
    {
        "name": "jerkitout_strongup",
        "time": 102968,
        "duration": 1000
    },
    {
        "name": "jerkitout_strongup",
        "time": 103864,
        "duration": 1000
    },
    {
        "name": "jerkitout_strongup",
        "time": 104759,
        "duration": 1000
    },
    {
        "name": "jerkitout_strongup",
        "time": 105655,
        "duration": 1000
    },
    {
        "name": "jerkitout_strongup",
        "time": 106550,
        "duration": 1000
    },
    {
        "name": "jerkitout_runsidedown",
        "time": 107670,
        "duration": 1000
    },
    {
        "name": "jerkitout_runsidedown",
        "time": 108565,
        "duration": 1000
    },
    {
        "name": "jerkitout_runsidedown",
        "time": 109461,
        "duration": 1000
    },
    {
        "name": "jerkitout_runsidedown",
        "time": 110356,
        "duration": 1000
    },
    {
        "name": "jerkitout_runsidedown",
        "time": 111252,
        "duration": 1000
    },
    {
        "name": "jerkitout_runsidedown",
        "time": 112147,
        "duration": 1000
    },
    {
        "name": "jerkitout_runsidedown",
        "time": 113043,
        "duration": 1000
    },
    {
        "name": "jerkitout_thumbup",
        "time": 114386,
        "duration": 500
    },
    {
        "name": "jerkitout_thumbdown",
        "time": 115282,
        "duration": 500
    },
    {
        "name": "jerkitout_thumbup",
        "time": 116177,
        "duration": 500
    },
    {
        "name": "jerkitout_thumbdown",
        "time": 117073,
        "duration": 500
    },
    {
        "name": "jerkitout_strapsup",
        "time": 117968,
        "duration": 500
    },
    {
        "name": "jerkitout_strapsdown",
        "time": 118640,
        "duration": 500
    },
    {
        "name": "jerkitout_strapsup",
        "time": 119759,
        "duration": 500
    },
    {
        "name": "jerkitout_strapsdown",
        "time": 120431,
        "duration": 500
    },
    {
        "name": "jerkitout_thumbup",
        "time": 121550,
        "duration": 500
    },
    {
        "name": "jerkitout_thumbdown",
        "time": 122446,
        "duration": 500
    },
    {
        "name": "jerkitout_thumbup",
        "time": 123341,
        "duration": 500
    },
    {
        "name": "jerkitout_thumbdown",
        "time": 124237,
        "duration": 500
    },
    {
        "name": "jerkitout_strapsup",
        "time": 125132,
        "duration": 500
    },
    {
        "name": "jerkitout_strapsdown",
        "time": 125804,
        "duration": 500
    },
    {
        "name": "jerkitout_strapsup",
        "time": 126923,
        "duration": 500
    },
    {
        "name": "jerkitout_strapsdown",
        "time": 127595,
        "duration": 500
    },
    {
        "name": "jerkitout_leftrightleftintro",
        "time": 128938,
        "duration": 500,
        "goldMove": 1
    },
    {
        "name": "jerkitout_leftrightleft",
        "time": 129386,
        "duration": 1000,
        "goldMove": 1
    },
    {
        "name": "jerkitout_leftrightleft",
        "time": 130281,
        "duration": 1000
    },
    {
        "name": "jerkitout_leftrightleft",
        "time": 131177,
        "duration": 1000
    },
    {
        "name": "jerkitout_runup",
        "time": 132296,
        "duration": 1000
    },
    {
        "name": "jerkitout_rundown",
        "time": 133192,
        "duration": 1000
    },
    {
        "name": "jerkitout_runup",
        "time": 134087,
        "duration": 1000
    },
    {
        "name": "jerkitout_rundown",
        "time": 134983,
        "duration": 1000
    },
    {
        "name": "jerkitout_leftrightleftintro",
        "time": 136102,
        "duration": 500
    },
    {
        "name": "jerkitout_leftrightleft",
        "time": 136550,
        "duration": 1000
    },
    {
        "name": "jerkitout_leftrightleft",
        "time": 137445,
        "duration": 1000
    },
    {
        "name": "jerkitout_leftrightleft",
        "time": 138341,
        "duration": 1000
    },
    {
        "name": "jerkitout_ranchroping",
        "time": 139684,
        "duration": 500
    },
    {
        "name": "jerkitout_ranchroping",
        "time": 140132,
        "duration": 500
    },
    {
        "name": "jerkitout_ranchroping",
        "time": 140580,
        "duration": 500
    },
    {
        "name": "jerkitout_jerkitoutpose",
        "time": 141027,
        "duration": 1000,
        "goldMove": 1
    },
    {
        "name": "jerkitout_kiss",
        "time": 143266,
        "duration": 500
    },
    {
        "name": "jerkitout_kiss",
        "time": 145057,
        "duration": 500
    },
    {
        "name": "jerkitout_kiss",
        "time": 146848,
        "duration": 500
    },
    {
        "name": "jerkitout_kiss",
        "time": 148639,
        "duration": 500
    },
    {
        "name": "jerkitout_stage",
        "time": 150430,
        "duration": 500
    },
    {
        "name": "jerkitout_stage",
        "time": 152221,
        "duration": 500
    },
    {
        "name": "jerkitout_ranchroping",
        "time": 154012,
        "duration": 500
    },
    {
        "name": "jerkitout_ranchroping",
        "time": 154460,
        "duration": 500,
        "goldMove": 1
    },
    {
        "name": "jerkitout_ranchroping",
        "time": 154908,
        "duration": 500,
        "goldMove": 1
    },
    {
        "name": "jerkitout_jerkitoutpose",
        "time": 155356,
        "duration": 1000,
        "goldMove": 1
    },
    {
        "name": "jerkitout_strongup",
        "time": 157594,
        "duration": 1000
    },
    {
        "name": "jerkitout_strongup",
        "time": 158490,
        "duration": 1000
    },
    {
        "name": "jerkitout_strongup",
        "time": 159385,
        "duration": 1000
    },
    {
        "name": "jerkitout_strongup",
        "time": 160281,
        "duration": 1000
    },
    {
        "name": "jerkitout_strongup",
        "time": 161176,
        "duration": 1000
    },
    {
        "name": "jerkitout_strongup",
        "time": 162072,
        "duration": 1000
    },
    {
        "name": "jerkitout_strongup",
        "time": 162967,
        "duration": 1000
    },
    {
        "name": "jerkitout_strongup",
        "time": 163863,
        "duration": 1000
    },
    {
        "name": "jerkitout_runsidedown",
        "time": 165206,
        "duration": 1000
    },
    {
        "name": "jerkitout_runsidedown",
        "time": 166102,
        "duration": 1000
    },
    {
        "name": "jerkitout_runsidedown",
        "time": 166997,
        "duration": 1000
    },
    {
        "name": "jerkitout_runsidedown",
        "time": 167893,
        "duration": 1000
    },
    {
        "name": "jerkitout_runsidedown",
        "time": 168788,
        "duration": 1000
    },
    {
        "name": "jerkitout_runsidedown",
        "time": 169684,
        "duration": 1000
    },
    {
        "name": "jerkitout_runsidedown",
        "time": 170579,
        "duration": 1000
    },
    {
        "name": "jerkitout_straps",
        "time": 172146,
        "duration": 750
    },
    {
        "name": "jerkitout_straps",
        "time": 173042,
        "duration": 750
    },
    {
        "name": "jerkitout_straps",
        "time": 173937,
        "duration": 750
    },
    {
        "name": "jerkitout_straps",
        "time": 174833,
        "duration": 750
    },
    {
        "name": "jerkitout_straps",
        "time": 175729,
        "duration": 750
    },
    {
        "name": "jerkitout_straps",
        "time": 176624,
        "duration": 750
    },
    {
        "name": "jerkitout_straps",
        "time": 177520,
        "duration": 750
    },
    {
        "name": "jerkitout_straps",
        "time": 178415,
        "duration": 750
    },
    {
        "name": "jerkitout_strongup",
        "time": 179087,
        "duration": 1000
    },
    {
        "name": "jerkitout_strongup",
        "time": 179982,
        "duration": 1000
    },
    {
        "name": "jerkitout_strongup",
        "time": 180878,
        "duration": 1000
    },
    {
        "name": "jerkitout_strongup",
        "time": 181773,
        "duration": 1000
    },
    {
        "name": "jerkitout_strongup",
        "time": 182669,
        "duration": 1000
    },
    {
        "name": "jerkitout_strongup",
        "time": 183564,
        "duration": 1000
    },
    {
        "name": "jerkitout_strongup",
        "time": 184460,
        "duration": 1000
    },
    {
        "name": "jerkitout_strongup",
        "time": 185355,
        "duration": 1000
    },
    {
        "name": "jerkitout_runsidedown",
        "time": 186698,
        "duration": 1000
    },
    {
        "name": "jerkitout_runsidedown",
        "time": 187594,
        "duration": 1000
    },
    {
        "name": "jerkitout_runsidedown",
        "time": 188489,
        "duration": 1000
    },
    {
        "name": "jerkitout_runsidedown",
        "time": 189385,
        "duration": 1000
    },
    {
        "name": "jerkitout_runsidedown",
        "time": 190280,
        "duration": 1000
    },
    {
        "name": "jerkitout_runsidedown",
        "time": 191176,
        "duration": 1000
    },
    {
        "name": "jerkitout_runsidedown",
        "time": 192071,
        "duration": 1000
    }
]