[
    {
        "name": "nightboatquat_pharaon",
        "time": 8312,
        "duration": 624
    },
    {
        "name": "nightboatquat_momie",
        "time": 9249,
        "duration": 624
    },
    {
        "name": "nightboatquat_pharaon",
        "time": 11157,
        "duration": 624
    },
    {
        "name": "nightboatquat_momie",
        "time": 11775,
        "duration": 624
    },
    {
        "name": "nightboatquat_pharaon",
        "time": 13693,
        "duration": 624
    },
    {
        "name": "nightboatquat_momie",
        "time": 14307,
        "duration": 624
    },
    {
        "name": "nightboatquat_pharaon",
        "time": 15808,
        "duration": 624
    },
    {
        "name": "nightboatquat_rope_r",
        "time": 17682,
        "duration": 1249
    },
    {
        "name": "nightboatquat_rope_l",
        "time": 18468,
        "duration": 1249
    },
    {
        "name": "nightboatquat_rope_r",
        "time": 19323,
        "duration": 1249
    },
    {
        "name": "nightboatquat_rope_l",
        "time": 20165,
        "duration": 1249
    },
    {
        "name": "nightboatquat_rope_r",
        "time": 21012,
        "duration": 1249
    },
    {
        "name": "nightboatquat_rope_l",
        "time": 21867,
        "duration": 1249
    },
    {
        "name": "nightboatquat_rope_r",
        "time": 22723,
        "duration": 1249
    },
    {
        "name": "nightboatquat_rope_l",
        "time": 23526,
        "duration": 1249
    },
    {
        "name": "nightboatquat_dig_r",
        "time": 24374,
        "duration": 1249
    },
    {
        "name": "nightboatquat_dig_l",
        "time": 25186,
        "duration": 1249
    },
    {
        "name": "nightboatquat_dig_r",
        "time": 26013,
        "duration": 1249
    },
    {
        "name": "nightboatquat_dig_l",
        "time": 26844,
        "duration": 1249
    },
    {
        "name": "nightboatquat_dig_r",
        "time": 27686,
        "duration": 1249
    },
    {
        "name": "nightboatquat_dig_l",
        "time": 28579,
        "duration": 1249
    },
    {
        "name": "nightboatquat_dig_r",
        "time": 29318,
        "duration": 1249
    },
    {
        "name": "nightboatquat_dig_l",
        "time": 30147,
        "duration": 1249
    },
    {
        "name": "nightboatquat_rope_r",
        "time": 30951,
        "duration": 1249
    },
    {
        "name": "nightboatquat_rope_l",
        "time": 31776,
        "duration": 1249
    },
    {
        "name": "nightboatquat_rope_r",
        "time": 32596,
        "duration": 1249
    },
    {
        "name": "nightboatquat_rope_l",
        "time": 33419,
        "duration": 1249
    },
    {
        "name": "nightboatquat_rope_r",
        "time": 34242,
        "duration": 1249
    },
    {
        "name": "nightboatquat_rope_l",
        "time": 35055,
        "duration": 1249
    },
    {
        "name": "nightboatquat_rope_r",
        "time": 35888,
        "duration": 1249
    },
    {
        "name": "nightboatquat_rope_l",
        "time": 36701,
        "duration": 1249
    },
    {
        "name": "nightboatquat_dig_r",
        "time": 37515,
        "duration": 1249
    },
    {
        "name": "nightboatquat_dig_l",
        "time": 38339,
        "duration": 1249
    },
    {
        "name": "nightboatquat_dig_r",
        "time": 39176,
        "duration": 1249
    },
    {
        "name": "nightboatquat_dig_l",
        "time": 39977,
        "duration": 1249
    },
    {
        "name": "nightboatquat_dig_r",
        "time": 40790,
        "duration": 1249
    },
    {
        "name": "nightboatquat_dig_l",
        "time": 41604,
        "duration": 1249
    },
    {
        "name": "nightboatquat_dig_r",
        "time": 42417,
        "duration": 1249
    },
    {
        "name": "nightboatquat_snake_long",
        "time": 45229,
        "duration": 1874
    },
    {
        "name": "nightboatquat_sun",
        "time": 46447,
        "duration": 1249
    },
    {
        "name": "nightboatquat_snake_long",
        "time": 53715,
        "duration": 1874
    },
    {
        "name": "nightboatquat_sun",
        "time": 55299,
        "duration": 1249,
        "goldMove": 1
    },
    {
        "name": "nightboatquat_momie",
        "time": 59141,
        "duration": 624
    },
    {
        "name": "nightboatquat_tadam",
        "time": 60124,
        "duration": 624
    },
    {
        "name": "nightboatquat_walk_front",
        "time": 62111,
        "duration": 1249
    },
    {
        "name": "nightboatquat_walk_back",
        "time": 62911,
        "duration": 1249
    },
    {
        "name": "nightboatquat_walk_front",
        "time": 63711,
        "duration": 1249
    },
    {
        "name": "nightboatquat_run_back",
        "time": 64711,
        "duration": 624
    },
    {
        "name": "nightboatquat_run_front",
        "time": 65111,
        "duration": 624
    },
    {
        "name": "nightboatquat_run_back",
        "time": 65511,
        "duration": 624
    },
    {
        "name": "nightboatquat_run_front",
        "time": 65911,
        "duration": 624
    },
    {
        "name": "nightboatquat_run_back",
        "time": 66309,
        "duration": 624
    },
    {
        "name": "nightboatquat_run_front",
        "time": 66709,
        "duration": 624
    },
    {
        "name": "nightboatquat_run_back",
        "time": 67105,
        "duration": 624
    },
    {
        "name": "nightboatquat_walk_front",
        "time": 68482,
        "duration": 1249
    },
    {
        "name": "nightboatquat_walk_back",
        "time": 69282,
        "duration": 1249
    },
    {
        "name": "nightboatquat_walk_front",
        "time": 70091,
        "duration": 1249
    },
    {
        "name": "nightboatquat_run_back",
        "time": 71082,
        "duration": 624
    },
    {
        "name": "nightboatquat_run_front",
        "time": 71482,
        "duration": 624
    },
    {
        "name": "nightboatquat_run_back",
        "time": 71882,
        "duration": 624
    },
    {
        "name": "nightboatquat_run_front",
        "time": 72274,
        "duration": 624
    },
    {
        "name": "nightboatquat_run_back",
        "time": 72674,
        "duration": 624
    },
    {
        "name": "nightboatquat_run_front",
        "time": 73082,
        "duration": 624
    },
    {
        "name": "nightboatquat_run_back",
        "time": 73482,
        "duration": 624
    },
    {
        "name": "nightboatquat_run_front",
        "time": 73861,
        "duration": 624
    },
    {
        "name": "nightboatquat_3_chat_r",
        "time": 74415,
        "duration": 1249
    },
    {
        "name": "nightboatquat_3_chat_l",
        "time": 75208,
        "duration": 1249
    },
    {
        "name": "nightboatquat_3_chat_r",
        "time": 76000,
        "duration": 1249
    },
    {
        "name": "nightboatquat_3_chat_l",
        "time": 76791,
        "duration": 1249
    },
    {
        "name": "nightboatquat_3_disco",
        "time": 77583,
        "duration": 1249
    },
    {
        "name": "nightboatquat_3_disco",
        "time": 78363,
        "duration": 1249
    },
    {
        "name": "nightboatquat_3_disco",
        "time": 79182,
        "duration": 1249
    },
    {
        "name": "nightboatquat_3_disco",
        "time": 79961,
        "duration": 1249
    },
    {
        "name": "nightboatquat_walk_front",
        "time": 81120,
        "duration": 1249
    },
    {
        "name": "nightboatquat_walk_back",
        "time": 81922,
        "duration": 1249
    },
    {
        "name": "nightboatquat_walk_front",
        "time": 82714,
        "duration": 1249
    },
    {
        "name": "nightboatquat_run_back",
        "time": 83713,
        "duration": 624
    },
    {
        "name": "nightboatquat_run_front",
        "time": 84110,
        "duration": 624
    },
    {
        "name": "nightboatquat_run_back",
        "time": 84501,
        "duration": 624
    },
    {
        "name": "nightboatquat_run_front",
        "time": 84890,
        "duration": 624
    },
    {
        "name": "nightboatquat_run_back",
        "time": 85289,
        "duration": 624
    },
    {
        "name": "nightboatquat_run_front",
        "time": 85676,
        "duration": 624
    },
    {
        "name": "nightboatquat_snake_long",
        "time": 88429,
        "duration": 1874
    },
    {
        "name": "nightboatquat_sun",
        "time": 89608,
        "duration": 1249
    },
    {
        "name": "nightboatquat_snake_long",
        "time": 96315,
        "duration": 1874
    },
    {
        "name": "nightboatquat_sun",
        "time": 98103,
        "duration": 1249,
        "goldMove": 1
    },
    {
        "name": "nightboatquat_momie",
        "time": 101808,
        "duration": 624
    },
    {
        "name": "nightboatquat_tadam",
        "time": 102790,
        "duration": 624
    },
    {
        "name": "nightboatquat_pump_down",
        "time": 104962,
        "duration": 1249
    },
    {
        "name": "nightboatquat_pump_down",
        "time": 105763,
        "duration": 1249
    },
    {
        "name": "nightboatquat_pump_down",
        "time": 106558,
        "duration": 1249
    },
    {
        "name": "nightboatquat_pump_up",
        "time": 107349,
        "duration": 1249
    },
    {
        "name": "nightboatquat_pump_up",
        "time": 108137,
        "duration": 1249
    },
    {
        "name": "nightboatquat_pump_up",
        "time": 108926,
        "duration": 1249
    },
    {
        "name": "nightboatquat_pump_up",
        "time": 109713,
        "duration": 1249
    },
    {
        "name": "nightboatquat_pump_down",
        "time": 110505,
        "duration": 1249
    },
    {
        "name": "nightboatquat_pump_down",
        "time": 111291,
        "duration": 1249
    },
    {
        "name": "nightboatquat_pump_down",
        "time": 112076,
        "duration": 1249
    },
    {
        "name": "nightboatquat_pump_down",
        "time": 112864,
        "duration": 1249
    },
    {
        "name": "nightboatquat_pump_up",
        "time": 113642,
        "duration": 1249
    },
    {
        "name": "nightboatquat_pump_up",
        "time": 114410,
        "duration": 1249
    },
    {
        "name": "nightboatquat_pump_up",
        "time": 115189,
        "duration": 1249
    },
    {
        "name": "nightboatquat_pump_up",
        "time": 115970,
        "duration": 1249
    },
    {
        "name": "nightboatquat_genesis_front",
        "time": 116849,
        "duration": 936
    },
    {
        "name": "nightboatquat_genesis_back",
        "time": 117433,
        "duration": 936
    },
    {
        "name": "nightboatquat_genesis_front",
        "time": 118210,
        "duration": 936
    },
    {
        "name": "nightboatquat_genesis_back",
        "time": 118911,
        "duration": 936
    },
    {
        "name": "nightboatquat_genesis_front",
        "time": 119686,
        "duration": 936
    },
    {
        "name": "nightboatquat_genesis_back",
        "time": 120375,
        "duration": 936
    },
    {
        "name": "nightboatquat_genesis_front",
        "time": 121350,
        "duration": 936
    },
    {
        "name": "nightboatquat_genesis_back",
        "time": 122029,
        "duration": 936
    },
    {
        "name": "nightboatquat_genesis_front",
        "time": 123010,
        "duration": 936
    },
    {
        "name": "nightboatquat_genesis_back",
        "time": 123606,
        "duration": 936
    },
    {
        "name": "nightboatquat_genesis_front",
        "time": 124476,
        "duration": 936
    },
    {
        "name": "nightboatquat_genesis_back",
        "time": 125164,
        "duration": 936
    },
    {
        "name": "nightboatquat_genesis_front",
        "time": 126058,
        "duration": 936
    },
    {
        "name": "nightboatquat_genesis_back",
        "time": 126741,
        "duration": 936
    },
    {
        "name": "nightboatquat_genesis_front",
        "time": 127679,
        "duration": 936
    },
    {
        "name": "nightboatquat_genesis_back",
        "time": 128396,
        "duration": 936
    },
    {
        "name": "nightboatquat_genesis_front",
        "time": 129356,
        "duration": 936
    },
    {
        "name": "nightboatquat_genesis_back",
        "time": 130100,
        "duration": 936
    },
    {
        "name": "nightboatquat_genesis_front",
        "time": 131079,
        "duration": 936
    },
    {
        "name": "nightboatquat_genesis_back",
        "time": 131886,
        "duration": 936
    },
    {
        "name": "nightboatquat_genesis_front",
        "time": 132950,
        "duration": 936
    },
    {
        "name": "nightboatquat_genesis_back",
        "time": 133860,
        "duration": 936
    },
    {
        "name": "nightboatquat_genesis_front",
        "time": 135057,
        "duration": 936
    },
    {
        "name": "nightboatquat_genesis_back",
        "time": 135973,
        "duration": 936
    },
    {
        "name": "nightboatquat_pharaon",
        "time": 138559,
        "duration": 624
    },
    {
        "name": "nightboatquat_momie",
        "time": 139130,
        "duration": 624
    },
    {
        "name": "nightboatquat_pharaon",
        "time": 140691,
        "duration": 624
    },
    {
        "name": "nightboatquat_momie",
        "time": 141588,
        "duration": 624
    },
    {
        "name": "nightboatquat_pharaon",
        "time": 143020,
        "duration": 624
    },
    {
        "name": "nightboatquat_momie",
        "time": 143903,
        "duration": 624
    },
    {
        "name": "nightboatquat_walk_front",
        "time": 157305,
        "duration": 1249
    },
    {
        "name": "nightboatquat_walk_back",
        "time": 158082,
        "duration": 1249
    },
    {
        "name": "nightboatquat_walk_front",
        "time": 158847,
        "duration": 1249
    },
    {
        "name": "nightboatquat_run_back",
        "time": 159828,
        "duration": 624
    },
    {
        "name": "nightboatquat_run_front",
        "time": 160212,
        "duration": 624
    },
    {
        "name": "nightboatquat_run_back",
        "time": 160587,
        "duration": 624
    },
    {
        "name": "nightboatquat_run_front",
        "time": 160965,
        "duration": 624
    },
    {
        "name": "nightboatquat_run_back",
        "time": 161349,
        "duration": 624
    },
    {
        "name": "nightboatquat_run_front",
        "time": 161722,
        "duration": 624
    },
    {
        "name": "nightboatquat_run_back",
        "time": 162090,
        "duration": 624
    },
    {
        "name": "nightboatquat_run_front",
        "time": 162443,
        "duration": 624
    },
    {
        "name": "nightboatquat_shake",
        "time": 163204,
        "duration": 1249
    },
    {
        "name": "nightboatquat_shake",
        "time": 163939,
        "duration": 1249
    },
    {
        "name": "nightboatquat_shake",
        "time": 164709,
        "duration": 1249
    },
    {
        "name": "nightboatquat_shake",
        "time": 165462,
        "duration": 1249
    },
    {
        "name": "nightboatquat_shake",
        "time": 166223,
        "duration": 1249
    },
    {
        "name": "nightboatquat_shake",
        "time": 166976,
        "duration": 1249
    },
    {
        "name": "nightboatquat_shake",
        "time": 167708,
        "duration": 1249
    },
    {
        "name": "nightboatquat_shake",
        "time": 168452,
        "duration": 1249
    },
    {
        "name": "nightboatquat_walk_front",
        "time": 169378,
        "duration": 1249
    },
    {
        "name": "nightboatquat_walk_back",
        "time": 170132,
        "duration": 1249
    },
    {
        "name": "nightboatquat_walk_front",
        "time": 170880,
        "duration": 1249
    },
    {
        "name": "nightboatquat_run_back",
        "time": 171806,
        "duration": 624
    },
    {
        "name": "nightboatquat_run_front",
        "time": 172181,
        "duration": 624
    },
    {
        "name": "nightboatquat_run_back",
        "time": 172563,
        "duration": 624
    },
    {
        "name": "nightboatquat_run_front",
        "time": 172941,
        "duration": 624
    },
    {
        "name": "nightboatquat_run_back",
        "time": 173322,
        "duration": 624
    },
    {
        "name": "nightboatquat_run_front",
        "time": 173691,
        "duration": 624
    },
    {
        "name": "nightboatquat_run_back",
        "time": 174059,
        "duration": 624
    },
    {
        "name": "nightboatquat_run_front",
        "time": 174433,
        "duration": 624
    },
    {
        "name": "nightboatquat_shake",
        "time": 175360,
        "duration": 1249
    },
    {
        "name": "nightboatquat_shake",
        "time": 176118,
        "duration": 1249
    },
    {
        "name": "nightboatquat_shake",
        "time": 176863,
        "duration": 1249
    },
    {
        "name": "nightboatquat_shake",
        "time": 177604,
        "duration": 1249
    },
    {
        "name": "nightboatquat_shake",
        "time": 178339,
        "duration": 1249
    },
    {
        "name": "nightboatquat_shake",
        "time": 179100,
        "duration": 1249
    },
    {
        "name": "nightboatquat_shake",
        "time": 179843,
        "duration": 1249
    },
    {
        "name": "nightboatquat_pump_down",
        "time": 180782,
        "duration": 1249
    },
    {
        "name": "nightboatquat_pump_down",
        "time": 181497,
        "duration": 1249
    },
    {
        "name": "nightboatquat_pump_down",
        "time": 182258,
        "duration": 1249
    },
    {
        "name": "nightboatquat_pump_down",
        "time": 182988,
        "duration": 1249
    },
    {
        "name": "nightboatquat_pump_up",
        "time": 183749,
        "duration": 1249
    },
    {
        "name": "nightboatquat_pump_up",
        "time": 184487,
        "duration": 1249
    },
    {
        "name": "nightboatquat_pump_up",
        "time": 185239,
        "duration": 1249
    },
    {
        "name": "nightboatquat_pump_up",
        "time": 185983,
        "duration": 1249
    },
    {
        "name": "nightboatquat_pump_down",
        "time": 186718,
        "duration": 1249
    },
    {
        "name": "nightboatquat_pump_down",
        "time": 187459,
        "duration": 1249
    },
    {
        "name": "nightboatquat_pump_down",
        "time": 188202,
        "duration": 1249
    },
    {
        "name": "nightboatquat_pump_down",
        "time": 188945,
        "duration": 1249
    },
    {
        "name": "nightboatquat_pump_up",
        "time": 189688,
        "duration": 1249
    },
    {
        "name": "nightboatquat_pump_up",
        "time": 190435,
        "duration": 1249
    },
    {
        "name": "nightboatquat_pump_up",
        "time": 191196,
        "duration": 1249
    },
    {
        "name": "nightboatquat_pump_up",
        "time": 191945,
        "duration": 1249
    },
    {
        "name": "nightboatquat_pump_down",
        "time": 192672,
        "duration": 1249
    },
    {
        "name": "nightboatquat_pump_down",
        "time": 193403,
        "duration": 1249
    },
    {
        "name": "nightboatquat_pump_down",
        "time": 194156,
        "duration": 1249
    },
    {
        "name": "nightboatquat_pump_down",
        "time": 194889,
        "duration": 1249
    },
    {
        "name": "nightboatquat_pump_up",
        "time": 195652,
        "duration": 1249
    },
    {
        "name": "nightboatquat_pump_up",
        "time": 196388,
        "duration": 1249
    },
    {
        "name": "nightboatquat_pump_up",
        "time": 197142,
        "duration": 1249
    },
    {
        "name": "nightboatquat_pump_up",
        "time": 197889,
        "duration": 1249
    },
    {
        "name": "nightboatquat_pump_down",
        "time": 198636,
        "duration": 1249
    },
    {
        "name": "nightboatquat_pump_down",
        "time": 199367,
        "duration": 1249
    },
    {
        "name": "nightboatquat_pump_down",
        "time": 200114,
        "duration": 1249
    },
    {
        "name": "nightboatquat_pump_down",
        "time": 200865,
        "duration": 1249
    }
]