[
    {
        "name": "cantgetyou_egyptianup",
        "time": 20666,
        "duration": 750
    },
    {
        "name": "cantgetyou_egyptiandown",
        "time": 21618,
        "duration": 750
    },
    {
        "name": "cantgetyou_egyptianup",
        "time": 22571,
        "duration": 750
    },
    {
        "name": "cantgetyou_egyptiandown",
        "time": 23523,
        "duration": 750
    },
    {
        "name": "cantgetyou_egyptianup",
        "time": 24476,
        "duration": 750
    },
    {
        "name": "cantgetyou_egyptiandown",
        "time": 25428,
        "duration": 750
    },
    {
        "name": "cantgetyou_egyptianup",
        "time": 26380,
        "duration": 750
    },
    {
        "name": "cantgetyou_egyptiandown",
        "time": 27333,
        "duration": 750
    },
    {
        "name": "cantgetyou_puppet",
        "time": 28523,
        "duration": 1000
    },
    {
        "name": "cantgetyou_puppet",
        "time": 29475,
        "duration": 1000
    },
    {
        "name": "cantgetyou_puppet",
        "time": 30428,
        "duration": 1000
    },
    {
        "name": "cantgetyou_puppet",
        "time": 31380,
        "duration": 1000
    },
    {
        "name": "cantgetyou_puppet",
        "time": 32333,
        "duration": 1000
    },
    {
        "name": "cantgetyou_puppet",
        "time": 33285,
        "duration": 1000
    },
    {
        "name": "cantgetyou_puppet",
        "time": 34237,
        "duration": 1000
    },
    {
        "name": "cantgetyou_puppet",
        "time": 35190,
        "duration": 1000
    },
    {
        "name": "cantgetyou_thinkhead",
        "time": 36380,
        "duration": 1000
    },
    {
        "name": "cantgetyou_thinkhead",
        "time": 37333,
        "duration": 1000
    },
    {
        "name": "cantgetyou_thinkhead",
        "time": 38285,
        "duration": 1000
    },
    {
        "name": "cantgetyou_thinkhead",
        "time": 39237,
        "duration": 1000
    },
    {
        "name": "cantgetyou_thinkhead",
        "time": 40190,
        "duration": 1000
    },
    {
        "name": "cantgetyou_thinkhead",
        "time": 41142,
        "duration": 1000
    },
    {
        "name": "cantgetyou_thinkhead",
        "time": 42095,
        "duration": 1000
    },
    {
        "name": "cantgetyou_thinkhead",
        "time": 43047,
        "duration": 1000
    },
    {
        "name": "cantgetyou_elbow",
        "time": 44594,
        "duration": 1000
    },
    {
        "name": "cantgetyou_clear",
        "time": 45547,
        "duration": 1000
    },
    {
        "name": "cantgetyou_elbow",
        "time": 46499,
        "duration": 1000
    },
    {
        "name": "cantgetyou_clear",
        "time": 47452,
        "duration": 1000
    },
    {
        "name": "cantgetyou_elbow",
        "time": 48404,
        "duration": 1000
    },
    {
        "name": "cantgetyou_clear",
        "time": 49356,
        "duration": 1000
    },
    {
        "name": "cantgetyou_elbow",
        "time": 50309,
        "duration": 1000
    },
    {
        "name": "cantgetyou_egyptianup",
        "time": 51261,
        "duration": 750
    },
    {
        "name": "cantgetyou_egyptiandown",
        "time": 52094,
        "duration": 750
    },
    {
        "name": "cantgetyou_egyptianup",
        "time": 53047,
        "duration": 750
    },
    {
        "name": "cantgetyou_egyptiandown",
        "time": 53999,
        "duration": 750
    },
    {
        "name": "cantgetyou_egyptianup",
        "time": 54952,
        "duration": 750
    },
    {
        "name": "cantgetyou_egyptiandown",
        "time": 55904,
        "duration": 750
    },
    {
        "name": "cantgetyou_egyptianup",
        "time": 56856,
        "duration": 750
    },
    {
        "name": "cantgetyou_egyptiandown",
        "time": 57809,
        "duration": 750
    },
    {
        "name": "cantgetyou_thinkhead",
        "time": 59237,
        "duration": 1000
    },
    {
        "name": "cantgetyou_thinkhead",
        "time": 60190,
        "duration": 1000
    },
    {
        "name": "cantgetyou_thinkhead",
        "time": 61142,
        "duration": 1000
    },
    {
        "name": "cantgetyou_thinkhead",
        "time": 62094,
        "duration": 1000
    },
    {
        "name": "cantgetyou_thinkhead",
        "time": 63047,
        "duration": 1000
    },
    {
        "name": "cantgetyou_thinkhead",
        "time": 63999,
        "duration": 1000
    },
    {
        "name": "cantgetyou_thinkhead",
        "time": 64952,
        "duration": 1000
    },
    {
        "name": "cantgetyou_thinkhead",
        "time": 65904,
        "duration": 1000
    },
    {
        "name": "cantgetyou_elbow",
        "time": 67451,
        "duration": 1000
    },
    {
        "name": "cantgetyou_clear",
        "time": 68404,
        "duration": 1000
    },
    {
        "name": "cantgetyou_elbow",
        "time": 69356,
        "duration": 1000
    },
    {
        "name": "cantgetyou_clear",
        "time": 70309,
        "duration": 1000
    },
    {
        "name": "cantgetyou_elbow",
        "time": 71261,
        "duration": 1000
    },
    {
        "name": "cantgetyou_clear",
        "time": 72213,
        "duration": 1000
    },
    {
        "name": "cantgetyou_elbow",
        "time": 73166,
        "duration": 1000
    },
    {
        "name": "cantgetyou_cleanwindows",
        "time": 74237,
        "duration": 1000
    },
    {
        "name": "cantgetyou_cleanwindows",
        "time": 76142,
        "duration": 1000
    },
    {
        "name": "cantgetyou_cleanwindows",
        "time": 78047,
        "duration": 1000
    },
    {
        "name": "cantgetyou_cleanwindows",
        "time": 79951,
        "duration": 1000
    },
    {
        "name": "cantgetyou_you",
        "time": 81856,
        "duration": 750
    },
    {
        "name": "cantgetyou_overhead",
        "time": 89713,
        "duration": 1000
    },
    {
        "name": "cantgetyou_overhead",
        "time": 91380,
        "duration": 1000
    },
    {
        "name": "cantgetyou_overhead",
        "time": 93285,
        "duration": 1000
    },
    {
        "name": "cantgetyou_overhead",
        "time": 95189,
        "duration": 1000
    },
    {
        "name": "cantgetyou_rigid",
        "time": 97094,
        "duration": 1000
    },
    {
        "name": "cantgetyou_rigid",
        "time": 98046,
        "duration": 1000
    },
    {
        "name": "cantgetyou_rigid",
        "time": 98999,
        "duration": 1000
    },
    {
        "name": "cantgetyou_rigid",
        "time": 99951,
        "duration": 1000
    },
    {
        "name": "cantgetyou_rigid",
        "time": 100904,
        "duration": 1000
    },
    {
        "name": "cantgetyou_rigid",
        "time": 101856,
        "duration": 1000
    },
    {
        "name": "cantgetyou_rigid",
        "time": 102808,
        "duration": 1000
    },
    {
        "name": "cantgetyou_softhands",
        "time": 105189,
        "duration": 1000
    },
    {
        "name": "cantgetyou_softhands",
        "time": 108761,
        "duration": 1000
    },
    {
        "name": "cantgetyou_egyptianup",
        "time": 112094,
        "duration": 750
    },
    {
        "name": "cantgetyou_egyptiandown",
        "time": 113046,
        "duration": 750
    },
    {
        "name": "cantgetyou_egyptianup",
        "time": 113999,
        "duration": 750
    },
    {
        "name": "cantgetyou_egyptiandown",
        "time": 114951,
        "duration": 750
    },
    {
        "name": "cantgetyou_egyptianup",
        "time": 115904,
        "duration": 750
    },
    {
        "name": "cantgetyou_egyptiandown",
        "time": 116856,
        "duration": 750
    },
    {
        "name": "cantgetyou_egyptianup",
        "time": 117808,
        "duration": 750
    },
    {
        "name": "cantgetyou_egyptiandown",
        "time": 118761,
        "duration": 750
    },
    {
        "name": "cantgetyou_puppet",
        "time": 119951,
        "duration": 1000
    },
    {
        "name": "cantgetyou_puppet",
        "time": 120903,
        "duration": 1000
    },
    {
        "name": "cantgetyou_puppet",
        "time": 121856,
        "duration": 1000
    },
    {
        "name": "cantgetyou_puppet",
        "time": 122808,
        "duration": 1000
    },
    {
        "name": "cantgetyou_puppet",
        "time": 123761,
        "duration": 1000
    },
    {
        "name": "cantgetyou_puppet",
        "time": 124713,
        "duration": 1000
    },
    {
        "name": "cantgetyou_puppet",
        "time": 125665,
        "duration": 1000
    },
    {
        "name": "cantgetyou_puppet",
        "time": 126618,
        "duration": 1000
    },
    {
        "name": "cantgetyou_thinkhead",
        "time": 127808,
        "duration": 1000
    },
    {
        "name": "cantgetyou_thinkhead",
        "time": 128761,
        "duration": 1000
    },
    {
        "name": "cantgetyou_thinkhead",
        "time": 129713,
        "duration": 1000
    },
    {
        "name": "cantgetyou_thinkhead",
        "time": 130665,
        "duration": 1000
    },
    {
        "name": "cantgetyou_thinkhead",
        "time": 131618,
        "duration": 1000
    },
    {
        "name": "cantgetyou_thinkhead",
        "time": 132570,
        "duration": 1000
    },
    {
        "name": "cantgetyou_thinkhead",
        "time": 133523,
        "duration": 1000
    },
    {
        "name": "cantgetyou_thinkhead",
        "time": 134475,
        "duration": 1000
    },
    {
        "name": "cantgetyou_elbow",
        "time": 136022,
        "duration": 1000
    },
    {
        "name": "cantgetyou_clear",
        "time": 136975,
        "duration": 1000
    },
    {
        "name": "cantgetyou_elbow",
        "time": 137927,
        "duration": 1000
    },
    {
        "name": "cantgetyou_clear",
        "time": 138880,
        "duration": 1000
    },
    {
        "name": "cantgetyou_elbow",
        "time": 139832,
        "duration": 1000
    },
    {
        "name": "cantgetyou_clear",
        "time": 140784,
        "duration": 1000
    },
    {
        "name": "cantgetyou_elbow",
        "time": 141737,
        "duration": 1000
    },
    {
        "name": "cantgetyou_cleanwindows",
        "time": 142808,
        "duration": 1000
    },
    {
        "name": "cantgetyou_cleanwindows",
        "time": 144713,
        "duration": 1000
    },
    {
        "name": "cantgetyou_cleanwindows",
        "time": 146618,
        "duration": 1000
    },
    {
        "name": "cantgetyou_cleanwindows",
        "time": 148522,
        "duration": 1000
    },
    {
        "name": "cantgetyou_you",
        "time": 150427,
        "duration": 750
    },
    {
        "name": "cantgetyou_overhead",
        "time": 158284,
        "duration": 1000
    },
    {
        "name": "cantgetyou_overhead",
        "time": 159951,
        "duration": 1000
    },
    {
        "name": "cantgetyou_overhead",
        "time": 161856,
        "duration": 1000
    },
    {
        "name": "cantgetyou_overhead",
        "time": 163760,
        "duration": 1000
    },
    {
        "name": "cantgetyou_rigid",
        "time": 165665,
        "duration": 1000
    },
    {
        "name": "cantgetyou_rigid",
        "time": 166617,
        "duration": 1000
    },
    {
        "name": "cantgetyou_rigid",
        "time": 167570,
        "duration": 1000
    },
    {
        "name": "cantgetyou_rigid",
        "time": 168522,
        "duration": 1000
    },
    {
        "name": "cantgetyou_rigid",
        "time": 169475,
        "duration": 1000
    },
    {
        "name": "cantgetyou_rigid",
        "time": 170427,
        "duration": 1000
    },
    {
        "name": "cantgetyou_rigid",
        "time": 171379,
        "duration": 1000
    },
    {
        "name": "cantgetyou_rigid",
        "time": 172332,
        "duration": 1000
    },
    {
        "name": "cantgetyou_overhead",
        "time": 173522,
        "duration": 1000
    },
    {
        "name": "cantgetyou_overhead",
        "time": 175189,
        "duration": 1000
    },
    {
        "name": "cantgetyou_overhead",
        "time": 177094,
        "duration": 1000
    },
    {
        "name": "cantgetyou_overhead",
        "time": 178998,
        "duration": 1000
    },
    {
        "name": "cantgetyou_softhands",
        "time": 181379,
        "duration": 1000
    },
    {
        "name": "cantgetyou_softhands",
        "time": 185189,
        "duration": 1000
    },
    {
        "name": "cantgetyou_egyptianup",
        "time": 188284,
        "duration": 750
    },
    {
        "name": "cantgetyou_egyptiandown",
        "time": 189236,
        "duration": 750
    },
    {
        "name": "cantgetyou_egyptianup",
        "time": 190189,
        "duration": 750
    },
    {
        "name": "cantgetyou_egyptiandown",
        "time": 191141,
        "duration": 750
    },
    {
        "name": "cantgetyou_egyptianup",
        "time": 192094,
        "duration": 750
    },
    {
        "name": "cantgetyou_egyptiandown",
        "time": 193046,
        "duration": 750
    },
    {
        "name": "cantgetyou_egyptianup",
        "time": 193998,
        "duration": 750
    },
    {
        "name": "cantgetyou_egyptiandown",
        "time": 194951,
        "duration": 750
    },
    {
        "name": "cantgetyou_puppet",
        "time": 196141,
        "duration": 1000
    },
    {
        "name": "cantgetyou_puppet",
        "time": 197093,
        "duration": 1000
    },
    {
        "name": "cantgetyou_puppet",
        "time": 198046,
        "duration": 1000
    },
    {
        "name": "cantgetyou_puppet",
        "time": 198998,
        "duration": 1000
    },
    {
        "name": "cantgetyou_puppet",
        "time": 199951,
        "duration": 1000
    },
    {
        "name": "cantgetyou_puppet",
        "time": 200903,
        "duration": 1000
    },
    {
        "name": "cantgetyou_puppet",
        "time": 201855,
        "duration": 1000
    },
    {
        "name": "cantgetyou_puppet",
        "time": 202808,
        "duration": 1000
    },
    {
        "name": "cantgetyou_egyptianup",
        "time": 203760,
        "duration": 750
    },
    {
        "name": "cantgetyou_egyptiandown",
        "time": 204474,
        "duration": 750
    },
    {
        "name": "cantgetyou_egyptianup",
        "time": 205427,
        "duration": 750
    },
    {
        "name": "cantgetyou_egyptiandown",
        "time": 206379,
        "duration": 750
    },
    {
        "name": "cantgetyou_egyptianup",
        "time": 207332,
        "duration": 750
    },
    {
        "name": "cantgetyou_egyptiandown",
        "time": 208284,
        "duration": 750
    },
    {
        "name": "cantgetyou_egyptianup",
        "time": 209236,
        "duration": 750
    },
    {
        "name": "cantgetyou_egyptiandown",
        "time": 210189,
        "duration": 750
    },
    {
        "name": "cantgetyou_puppet",
        "time": 211379,
        "duration": 1000
    },
    {
        "name": "cantgetyou_puppet",
        "time": 212331,
        "duration": 1000
    },
    {
        "name": "cantgetyou_puppet",
        "time": 213284,
        "duration": 1000
    },
    {
        "name": "cantgetyou_puppet",
        "time": 214236,
        "duration": 1000
    },
    {
        "name": "cantgetyou_puppet",
        "time": 215189,
        "duration": 1000
    },
    {
        "name": "cantgetyou_puppet",
        "time": 216141,
        "duration": 1000
    },
    {
        "name": "cantgetyou_puppet",
        "time": 217093,
        "duration": 1000
    },
    {
        "name": "cantgetyou_puppet",
        "time": 218046,
        "duration": 1000
    },
    {
        "name": "cantgetyou_thinkhead",
        "time": 219236,
        "duration": 1000
    },
    {
        "name": "cantgetyou_thinkhead",
        "time": 220189,
        "duration": 1000
    },
    {
        "name": "cantgetyou_thinkhead",
        "time": 221141,
        "duration": 1000
    },
    {
        "name": "cantgetyou_thinkhead",
        "time": 222093,
        "duration": 1000
    },
    {
        "name": "cantgetyou_thinkhead",
        "time": 223046,
        "duration": 1000
    },
    {
        "name": "cantgetyou_thinkhead",
        "time": 223998,
        "duration": 1000
    },
    {
        "name": "cantgetyou_thinkhead",
        "time": 224951,
        "duration": 1000
    },
    {
        "name": "cantgetyou_finalpose",
        "time": 226379,
        "duration": 1000
    }
]