[
    {
        "name": "followtheleader_oleoleupalt",
        "time": 4877,
        "duration": 1463
    },
    {
        "name": "followtheleader_introbody",
        "time": 11218,
        "duration": 1463
    },
    {
        "name": "followtheleader_oleoleup",
        "time": 16340,
        "duration": 976
    },
    {
        "name": "followtheleader_oleoleside",
        "time": 19511,
        "duration": 1463
    },
    {
        "name": "followtheleader_frontcross",
        "time": 22194,
        "duration": 976
    },
    {
        "name": "followtheleader_sidewave",
        "time": 24145,
        "duration": 732
    },
    {
        "name": "followtheleader_frontcross",
        "time": 26096,
        "duration": 976
    },
    {
        "name": "followtheleader_sidewave",
        "time": 28047,
        "duration": 732
    },
    {
        "name": "followtheleader_frontcross",
        "time": 29998,
        "duration": 976
    },
    {
        "name": "followtheleader_sidewave",
        "time": 31949,
        "duration": 732
    },
    {
        "name": "followtheleader_frontcross",
        "time": 33901,
        "duration": 976
    },
    {
        "name": "followtheleader_fourhits",
        "time": 35852,
        "duration": 1463,
        "goldMove": 1
    },
    {
        "name": "followtheleader_elbowhits",
        "time": 37803,
        "duration": 976
    },
    {
        "name": "followtheleader_leftright",
        "time": 38779,
        "duration": 976
    },
    {
        "name": "followtheleader_elbowhits",
        "time": 39754,
        "duration": 976
    },
    {
        "name": "followtheleader_leftright",
        "time": 40730,
        "duration": 976
    },
    {
        "name": "followtheleader_elbowhits",
        "time": 41705,
        "duration": 976
    },
    {
        "name": "followtheleader_leftright",
        "time": 42681,
        "duration": 976
    },
    {
        "name": "followtheleader_elbowhits",
        "time": 43656,
        "duration": 976
    },
    {
        "name": "followtheleader_leftright",
        "time": 44632,
        "duration": 976
    },
    {
        "name": "followtheleader_circleup",
        "time": 45852,
        "duration": 976
    },
    {
        "name": "followtheleader_sexydown",
        "time": 49510,
        "duration": 976
    },
    {
        "name": "followtheleader_uaua",
        "time": 51217,
        "duration": 976
    },
    {
        "name": "followtheleader_uaua",
        "time": 52193,
        "duration": 976
    },
    {
        "name": "followtheleader_updown",
        "time": 53412,
        "duration": 732
    },
    {
        "name": "followtheleader_updown",
        "time": 54388,
        "duration": 732
    },
    {
        "name": "followtheleader_updown",
        "time": 55363,
        "duration": 732
    },
    {
        "name": "followtheleader_updown",
        "time": 56339,
        "duration": 732
    },
    {
        "name": "followtheleader_updown",
        "time": 57315,
        "duration": 732
    },
    {
        "name": "followtheleader_updown",
        "time": 58290,
        "duration": 732
    },
    {
        "name": "followtheleader_spin",
        "time": 59022,
        "duration": 1951
    },
    {
        "name": "followtheleader_updown",
        "time": 61217,
        "duration": 732
    },
    {
        "name": "followtheleader_updown",
        "time": 62192,
        "duration": 732
    },
    {
        "name": "followtheleader_updown",
        "time": 63168,
        "duration": 732
    },
    {
        "name": "followtheleader_updown",
        "time": 64144,
        "duration": 732
    },
    {
        "name": "followtheleader_updown",
        "time": 65119,
        "duration": 732
    },
    {
        "name": "followtheleader_updown",
        "time": 66095,
        "duration": 732
    },
    {
        "name": "followtheleader_spin",
        "time": 66827,
        "duration": 1951
    },
    {
        "name": "followtheleader_pushside",
        "time": 69022,
        "duration": 976
    },
    {
        "name": "followtheleader_pushside",
        "time": 69997,
        "duration": 976
    },
    {
        "name": "followtheleader_bodyshape",
        "time": 72680,
        "duration": 976
    },
    {
        "name": "followtheleader_bodyshape",
        "time": 73656,
        "duration": 976
    },
    {
        "name": "followtheleader_bodyshape",
        "time": 74631,
        "duration": 976
    },
    {
        "name": "followtheleader_bodyshape",
        "time": 75607,
        "duration": 976
    },
    {
        "name": "followtheleader_pushside",
        "time": 76826,
        "duration": 976
    },
    {
        "name": "followtheleader_pushside",
        "time": 77802,
        "duration": 976
    },
    {
        "name": "followtheleader_bodyshape",
        "time": 80485,
        "duration": 976
    },
    {
        "name": "followtheleader_bodyshape",
        "time": 81460,
        "duration": 976
    },
    {
        "name": "followtheleader_bodyshape",
        "time": 82436,
        "duration": 976
    },
    {
        "name": "followtheleader_bodyshape",
        "time": 83411,
        "duration": 976
    },
    {
        "name": "followtheleader_point",
        "time": 84631,
        "duration": 488
    },
    {
        "name": "followtheleader_comehere",
        "time": 86338,
        "duration": 976
    },
    {
        "name": "followtheleader_comehere",
        "time": 87314,
        "duration": 976
    },
    {
        "name": "followtheleader_rapwalkl",
        "time": 88289,
        "duration": 976
    },
    {
        "name": "followtheleader_rapwalkl",
        "time": 89265,
        "duration": 976
    },
    {
        "name": "followtheleader_rapwalkl",
        "time": 90241,
        "duration": 976
    },
    {
        "name": "followtheleader_rapwalkr",
        "time": 92192,
        "duration": 976
    },
    {
        "name": "followtheleader_rapwalkr",
        "time": 93167,
        "duration": 976
    },
    {
        "name": "followtheleader_rapwalkr",
        "time": 94143,
        "duration": 976
    },
    {
        "name": "followtheleader_rapwalkl",
        "time": 96094,
        "duration": 976
    },
    {
        "name": "followtheleader_rapwalkl",
        "time": 97070,
        "duration": 976
    },
    {
        "name": "followtheleader_rapwalkl",
        "time": 98045,
        "duration": 976
    },
    {
        "name": "followtheleader_rapwalkr",
        "time": 99996,
        "duration": 976
    },
    {
        "name": "followtheleader_rapwalkr",
        "time": 100972,
        "duration": 976
    },
    {
        "name": "followtheleader_rapwalkr",
        "time": 101948,
        "duration": 976
    },
    {
        "name": "followtheleader_raggaeton",
        "time": 104142,
        "duration": 488
    },
    {
        "name": "followtheleader_raggaeton",
        "time": 104630,
        "duration": 488
    },
    {
        "name": "followtheleader_raggaetondown",
        "time": 105118,
        "duration": 488
    },
    {
        "name": "followtheleader_raggaeton",
        "time": 106094,
        "duration": 488
    },
    {
        "name": "followtheleader_raggaeton",
        "time": 106581,
        "duration": 488
    },
    {
        "name": "followtheleader_raggaetondown",
        "time": 107557,
        "duration": 488
    },
    {
        "name": "followtheleader_raggaeton",
        "time": 108045,
        "duration": 488
    },
    {
        "name": "followtheleader_raggaeton",
        "time": 108533,
        "duration": 488
    },
    {
        "name": "followtheleader_raggaetondown",
        "time": 109020,
        "duration": 488
    },
    {
        "name": "followtheleader_raggaeton",
        "time": 109996,
        "duration": 488
    },
    {
        "name": "followtheleader_raggaeton",
        "time": 110484,
        "duration": 488
    },
    {
        "name": "followtheleader_raggaetondown",
        "time": 111459,
        "duration": 488
    },
    {
        "name": "followtheleader_circleup",
        "time": 112191,
        "duration": 976
    },
    {
        "name": "followtheleader_sexydown",
        "time": 115849,
        "duration": 976
    },
    {
        "name": "followtheleader_uaua",
        "time": 117557,
        "duration": 976
    },
    {
        "name": "followtheleader_uaua",
        "time": 118532,
        "duration": 976
    },
    {
        "name": "followtheleader_updown",
        "time": 119752,
        "duration": 732
    },
    {
        "name": "followtheleader_updown",
        "time": 120727,
        "duration": 732
    },
    {
        "name": "followtheleader_updown",
        "time": 121703,
        "duration": 732
    },
    {
        "name": "followtheleader_updown",
        "time": 122679,
        "duration": 732
    },
    {
        "name": "followtheleader_updown",
        "time": 123654,
        "duration": 732
    },
    {
        "name": "followtheleader_updown",
        "time": 124630,
        "duration": 732
    },
    {
        "name": "followtheleader_spin",
        "time": 125362,
        "duration": 1951
    },
    {
        "name": "followtheleader_updown",
        "time": 127556,
        "duration": 732
    },
    {
        "name": "followtheleader_updown",
        "time": 128532,
        "duration": 732
    },
    {
        "name": "followtheleader_updown",
        "time": 129508,
        "duration": 732
    },
    {
        "name": "followtheleader_updown",
        "time": 130483,
        "duration": 732
    },
    {
        "name": "followtheleader_updown",
        "time": 131459,
        "duration": 732
    },
    {
        "name": "followtheleader_updown",
        "time": 132434,
        "duration": 732
    },
    {
        "name": "followtheleader_spin",
        "time": 133166,
        "duration": 1951
    },
    {
        "name": "followtheleader_pushside",
        "time": 135361,
        "duration": 976
    },
    {
        "name": "followtheleader_pushside",
        "time": 136337,
        "duration": 976
    },
    {
        "name": "followtheleader_bodyshape",
        "time": 139020,
        "duration": 976
    },
    {
        "name": "followtheleader_bodyshape",
        "time": 139995,
        "duration": 976
    },
    {
        "name": "followtheleader_bodyshape",
        "time": 140971,
        "duration": 976
    },
    {
        "name": "followtheleader_bodyshape",
        "time": 141946,
        "duration": 976
    },
    {
        "name": "followtheleader_pushside",
        "time": 143166,
        "duration": 976
    },
    {
        "name": "followtheleader_pushside",
        "time": 144141,
        "duration": 976
    },
    {
        "name": "followtheleader_bodyshape",
        "time": 146824,
        "duration": 976
    },
    {
        "name": "followtheleader_bodyshape",
        "time": 147800,
        "duration": 976
    },
    {
        "name": "followtheleader_bodyshape",
        "time": 148775,
        "duration": 976
    },
    {
        "name": "followtheleader_bodyshape",
        "time": 149751,
        "duration": 976
    },
    {
        "name": "followtheleader_point",
        "time": 150970,
        "duration": 488
    },
    {
        "name": "followtheleader_comehere",
        "time": 152678,
        "duration": 976
    },
    {
        "name": "followtheleader_comehere",
        "time": 153653,
        "duration": 976
    },
    {
        "name": "followtheleader_latinoright",
        "time": 154629,
        "duration": 976
    },
    {
        "name": "followtheleader_latinoleft",
        "time": 155605,
        "duration": 976
    },
    {
        "name": "followtheleader_latinoright",
        "time": 156580,
        "duration": 976
    },
    {
        "name": "followtheleader_latinoleft",
        "time": 157556,
        "duration": 976
    },
    {
        "name": "followtheleader_latinoright",
        "time": 158531,
        "duration": 976
    },
    {
        "name": "followtheleader_latinoleft",
        "time": 159507,
        "duration": 976
    },
    {
        "name": "followtheleader_latinoright",
        "time": 160482,
        "duration": 976
    },
    {
        "name": "followtheleader_latinoleft",
        "time": 161458,
        "duration": 976
    },
    {
        "name": "followtheleader_latinopushr",
        "time": 162921,
        "duration": 732
    },
    {
        "name": "followtheleader_latinopushl",
        "time": 163897,
        "duration": 732
    },
    {
        "name": "followtheleader_latinopushr",
        "time": 164873,
        "duration": 732
    },
    {
        "name": "followtheleader_latinopushl",
        "time": 165848,
        "duration": 732
    },
    {
        "name": "followtheleader_latinopushr",
        "time": 166824,
        "duration": 732
    },
    {
        "name": "followtheleader_latinopushl",
        "time": 167799,
        "duration": 732
    },
    {
        "name": "followtheleader_fourhits",
        "time": 168531,
        "duration": 1463,
        "goldMove": 1
    },
    {
        "name": "followtheleader_latinopushr",
        "time": 170726,
        "duration": 732
    },
    {
        "name": "followtheleader_latinopushl",
        "time": 171702,
        "duration": 732
    },
    {
        "name": "followtheleader_latinopushr",
        "time": 172677,
        "duration": 732
    },
    {
        "name": "followtheleader_latinopushl",
        "time": 173653,
        "duration": 732
    },
    {
        "name": "followtheleader_latinopushr",
        "time": 174628,
        "duration": 732
    },
    {
        "name": "followtheleader_latinopushl",
        "time": 175604,
        "duration": 732
    },
    {
        "name": "followtheleader_latinopushr",
        "time": 176580,
        "duration": 732
    },
    {
        "name": "followtheleader_bridgecircle",
        "time": 178043,
        "duration": 976
    },
    {
        "name": "followtheleader_bridgecirclechest",
        "time": 180482,
        "duration": 976
    },
    {
        "name": "followtheleader_bridgesexy",
        "time": 181457,
        "duration": 976
    },
    {
        "name": "followtheleader_bridgedown",
        "time": 186335,
        "duration": 1951
    },
    {
        "name": "followtheleader_bridgedown",
        "time": 188287,
        "duration": 1951
    },
    {
        "name": "followtheleader_bridgeup",
        "time": 192189,
        "duration": 976
    },
    {
        "name": "followtheleader_circleup",
        "time": 194140,
        "duration": 976
    },
    {
        "name": "followtheleader_sexydown",
        "time": 197798,
        "duration": 976
    },
    {
        "name": "followtheleader_uaua",
        "time": 199505,
        "duration": 976
    },
    {
        "name": "followtheleader_uaua",
        "time": 200481,
        "duration": 976
    },
    {
        "name": "followtheleader_oleoleup",
        "time": 203651,
        "duration": 976
    },
    {
        "name": "followtheleader_oleoleside",
        "time": 207309,
        "duration": 1463
    },
    {
        "name": "followtheleader_updown",
        "time": 209504,
        "duration": 732
    },
    {
        "name": "followtheleader_updown",
        "time": 210480,
        "duration": 732
    },
    {
        "name": "followtheleader_updown",
        "time": 211455,
        "duration": 732
    },
    {
        "name": "followtheleader_updown",
        "time": 212431,
        "duration": 732
    },
    {
        "name": "followtheleader_updown",
        "time": 213406,
        "duration": 732
    },
    {
        "name": "followtheleader_updown",
        "time": 214382,
        "duration": 732
    },
    {
        "name": "followtheleader_spin",
        "time": 215113,
        "duration": 1951
    },
    {
        "name": "followtheleader_updown",
        "time": 217308,
        "duration": 732
    },
    {
        "name": "followtheleader_updown",
        "time": 218284,
        "duration": 732
    },
    {
        "name": "followtheleader_updown",
        "time": 219259,
        "duration": 732
    },
    {
        "name": "followtheleader_updown",
        "time": 220235,
        "duration": 732
    },
    {
        "name": "followtheleader_updown",
        "time": 221210,
        "duration": 732
    },
    {
        "name": "followtheleader_updown",
        "time": 222186,
        "duration": 732
    },
    {
        "name": "followtheleader_spin",
        "time": 222917,
        "duration": 1951
    },
    {
        "name": "followtheleader_pushside",
        "time": 225112,
        "duration": 976
    },
    {
        "name": "followtheleader_pushside",
        "time": 226088,
        "duration": 976
    },
    {
        "name": "followtheleader_bodyshape",
        "time": 228771,
        "duration": 976
    },
    {
        "name": "followtheleader_bodyshape",
        "time": 229746,
        "duration": 976
    },
    {
        "name": "followtheleader_bodyshape",
        "time": 230721,
        "duration": 976
    },
    {
        "name": "followtheleader_bodyshape",
        "time": 231697,
        "duration": 976
    },
    {
        "name": "followtheleader_pushside",
        "time": 232916,
        "duration": 976
    },
    {
        "name": "followtheleader_pushside",
        "time": 233892,
        "duration": 976
    },
    {
        "name": "followtheleader_bodyshape",
        "time": 236575,
        "duration": 976
    },
    {
        "name": "followtheleader_bodyshape",
        "time": 237550,
        "duration": 976
    },
    {
        "name": "followtheleader_bodyshape",
        "time": 238526,
        "duration": 976
    },
    {
        "name": "followtheleader_bodyshape",
        "time": 239501,
        "duration": 976
    }
]