[
    {
        "name": "goodgirl_raise",
        "time": 6331,
        "duration": 951
    },
    {
        "name": "goodgirl_drop",
        "time": 8192,
        "duration": 713
    },
    {
        "name": "goodgirl_doublebeat",
        "time": 10750,
        "duration": 951
    },
    {
        "name": "goodgirl_doubleclap",
        "time": 12146,
        "duration": 951
    },
    {
        "name": "goodgirl_clap",
        "time": 13076,
        "duration": 713
    },
    {
        "name": "goodgirl_doubleclap",
        "time": 14006,
        "duration": 951
    },
    {
        "name": "goodgirl_clap",
        "time": 14936,
        "duration": 713
    },
    {
        "name": "goodgirl_doubleclap",
        "time": 15866,
        "duration": 951
    },
    {
        "name": "goodgirl_clap",
        "time": 16797,
        "duration": 713
    },
    {
        "name": "goodgirl_doubleclap",
        "time": 17727,
        "duration": 951
    },
    {
        "name": "goodgirl_good",
        "time": 19354,
        "duration": 475
    },
    {
        "name": "goodgirl_girl",
        "time": 19819,
        "duration": 475
    },
    {
        "name": "goodgirl_round",
        "time": 20983,
        "duration": 1427
    },
    {
        "name": "goodgirl_elbow",
        "time": 23308,
        "duration": 475
    },
    {
        "name": "goodgirl_elbow",
        "time": 24238,
        "duration": 475
    },
    {
        "name": "goodgirl_elbow",
        "time": 25169,
        "duration": 475
    },
    {
        "name": "goodgirl_elbow",
        "time": 26099,
        "duration": 475
    },
    {
        "name": "goodgirl_good",
        "time": 26796,
        "duration": 475
    },
    {
        "name": "goodgirl_girl",
        "time": 27261,
        "duration": 475
    },
    {
        "name": "goodgirl_round",
        "time": 28424,
        "duration": 1427
    },
    {
        "name": "goodgirl_elbow",
        "time": 30750,
        "duration": 475
    },
    {
        "name": "goodgirl_elbow",
        "time": 31680,
        "duration": 475
    },
    {
        "name": "goodgirl_elbow",
        "time": 32610,
        "duration": 475
    },
    {
        "name": "goodgirl_elbow",
        "time": 33540,
        "duration": 475
    },
    {
        "name": "goodgirl_doubleclap",
        "time": 34471,
        "duration": 951
    },
    {
        "name": "goodgirl_clap",
        "time": 35401,
        "duration": 713
    },
    {
        "name": "goodgirl_doubleclap",
        "time": 36331,
        "duration": 951
    },
    {
        "name": "goodgirl_clap",
        "time": 37261,
        "duration": 713
    },
    {
        "name": "goodgirl_doubleclap",
        "time": 38191,
        "duration": 951
    },
    {
        "name": "goodgirl_clap",
        "time": 39122,
        "duration": 713
    },
    {
        "name": "goodgirl_doubleclap",
        "time": 40052,
        "duration": 951
    },
    {
        "name": "goodgirl_good",
        "time": 41679,
        "duration": 475
    },
    {
        "name": "goodgirl_girl",
        "time": 42144,
        "duration": 475
    },
    {
        "name": "goodgirl_round",
        "time": 43307,
        "duration": 1427
    },
    {
        "name": "goodgirl_punch",
        "time": 45400,
        "duration": 475
    },
    {
        "name": "goodgirl_punch",
        "time": 46795,
        "duration": 475
    },
    {
        "name": "goodgirl_openshake",
        "time": 49354,
        "duration": 1903
    },
    {
        "name": "goodgirl_cross",
        "time": 52842,
        "duration": 475
    },
    {
        "name": "goodgirl_uncross",
        "time": 53307,
        "duration": 475
    },
    {
        "name": "goodgirl_cross",
        "time": 53772,
        "duration": 475
    },
    {
        "name": "goodgirl_uncross",
        "time": 54237,
        "duration": 475
    },
    {
        "name": "goodgirl_cross",
        "time": 54702,
        "duration": 475
    },
    {
        "name": "goodgirl_uncross",
        "time": 55167,
        "duration": 475
    },
    {
        "name": "goodgirl_cross",
        "time": 55632,
        "duration": 475
    },
    {
        "name": "goodgirl_uncross",
        "time": 56097,
        "duration": 475
    },
    {
        "name": "goodgirl_openshake",
        "time": 56795,
        "duration": 1903
    },
    {
        "name": "goodgirl_preparetime",
        "time": 59818,
        "duration": 1189
    },
    {
        "name": "goodgirl_time",
        "time": 62144,
        "duration": 475
    },
    {
        "name": "goodgirl_time",
        "time": 62609,
        "duration": 475
    },
    {
        "name": "goodgirl_time",
        "time": 63074,
        "duration": 475
    },
    {
        "name": "goodgirl_nogoodup",
        "time": 64004,
        "duration": 713
    },
    {
        "name": "goodgirl_nogooddown",
        "time": 64702,
        "duration": 713
    },
    {
        "name": "goodgirl_nogoodup",
        "time": 65864,
        "duration": 713
    },
    {
        "name": "goodgirl_nogooddown",
        "time": 66563,
        "duration": 713
    },
    {
        "name": "goodgirl_nogoodup",
        "time": 67725,
        "duration": 713
    },
    {
        "name": "goodgirl_nogooddown",
        "time": 68423,
        "duration": 713
    },
    {
        "name": "goodgirl_goodbye",
        "time": 69585,
        "duration": 475
    },
    {
        "name": "goodgirl_shoes_gold",
        "time": 70283,
        "duration": 475,
        "goldMove": 1
    },
    {
        "name": "goodgirl_go",
        "time": 71446,
        "duration": 475
    },
    {
        "name": "goodgirl_go",
        "time": 75167,
        "duration": 475
    },
    {
        "name": "goodgirl_yeah",
        "time": 77027,
        "duration": 475
    },
    {
        "name": "goodgirl_yeah",
        "time": 77492,
        "duration": 475
    },
    {
        "name": "goodgirl_yeah",
        "time": 77957,
        "duration": 475
    },
    {
        "name": "goodgirl_yeah",
        "time": 78422,
        "duration": 475
    },
    {
        "name": "goodgirl_go",
        "time": 78887,
        "duration": 475
    },
    {
        "name": "goodgirl_go",
        "time": 82608,
        "duration": 475
    },
    {
        "name": "goodgirl_good",
        "time": 86329,
        "duration": 475
    },
    {
        "name": "goodgirl_girl",
        "time": 86794,
        "duration": 475
    },
    {
        "name": "goodgirl_round",
        "time": 87957,
        "duration": 1427
    },
    {
        "name": "goodgirl_elbow",
        "time": 90283,
        "duration": 475
    },
    {
        "name": "goodgirl_elbow",
        "time": 91213,
        "duration": 475
    },
    {
        "name": "goodgirl_elbow",
        "time": 92143,
        "duration": 475
    },
    {
        "name": "goodgirl_elbow",
        "time": 93073,
        "duration": 475
    },
    {
        "name": "goodgirl_good",
        "time": 93771,
        "duration": 475
    },
    {
        "name": "goodgirl_girl",
        "time": 94236,
        "duration": 475
    },
    {
        "name": "goodgirl_round",
        "time": 95399,
        "duration": 1427
    },
    {
        "name": "goodgirl_elbow",
        "time": 97724,
        "duration": 475
    },
    {
        "name": "goodgirl_elbow",
        "time": 98655,
        "duration": 475
    },
    {
        "name": "goodgirl_elbow",
        "time": 99585,
        "duration": 475
    },
    {
        "name": "goodgirl_elbow",
        "time": 100515,
        "duration": 475
    },
    {
        "name": "goodgirl_doubleclap",
        "time": 101445,
        "duration": 951
    },
    {
        "name": "goodgirl_clap",
        "time": 102375,
        "duration": 713
    },
    {
        "name": "goodgirl_doubleclap",
        "time": 103306,
        "duration": 951
    },
    {
        "name": "goodgirl_clap",
        "time": 104236,
        "duration": 713
    },
    {
        "name": "goodgirl_doubleclap",
        "time": 105166,
        "duration": 951
    },
    {
        "name": "goodgirl_clap",
        "time": 106096,
        "duration": 713
    },
    {
        "name": "goodgirl_doubleclap",
        "time": 107026,
        "duration": 951
    },
    {
        "name": "goodgirl_good",
        "time": 108654,
        "duration": 475
    },
    {
        "name": "goodgirl_girl",
        "time": 109119,
        "duration": 475
    },
    {
        "name": "goodgirl_round",
        "time": 110282,
        "duration": 1427
    },
    {
        "name": "goodgirl_punch",
        "time": 112375,
        "duration": 475
    },
    {
        "name": "goodgirl_punch",
        "time": 113770,
        "duration": 475
    },
    {
        "name": "goodgirl_openshake",
        "time": 116329,
        "duration": 1903
    },
    {
        "name": "goodgirl_cross",
        "time": 119816,
        "duration": 475
    },
    {
        "name": "goodgirl_uncross",
        "time": 120281,
        "duration": 475
    },
    {
        "name": "goodgirl_cross",
        "time": 120747,
        "duration": 475
    },
    {
        "name": "goodgirl_uncross",
        "time": 121212,
        "duration": 475
    },
    {
        "name": "goodgirl_cross",
        "time": 121677,
        "duration": 475
    },
    {
        "name": "goodgirl_uncross",
        "time": 122142,
        "duration": 475
    },
    {
        "name": "goodgirl_cross",
        "time": 122607,
        "duration": 475
    },
    {
        "name": "goodgirl_uncross",
        "time": 123072,
        "duration": 475
    },
    {
        "name": "goodgirl_openshake",
        "time": 123770,
        "duration": 1903
    },
    {
        "name": "goodgirl_preparetime",
        "time": 126793,
        "duration": 1189
    },
    {
        "name": "goodgirl_time",
        "time": 129118,
        "duration": 475
    },
    {
        "name": "goodgirl_time",
        "time": 129583,
        "duration": 475
    },
    {
        "name": "goodgirl_time",
        "time": 130049,
        "duration": 475
    },
    {
        "name": "goodgirl_nogoodup",
        "time": 130979,
        "duration": 713
    },
    {
        "name": "goodgirl_nogooddown",
        "time": 131677,
        "duration": 713
    },
    {
        "name": "goodgirl_nogoodup",
        "time": 132607,
        "duration": 713
    },
    {
        "name": "goodgirl_nogooddown",
        "time": 133304,
        "duration": 713
    },
    {
        "name": "goodgirl_nogoodup",
        "time": 134467,
        "duration": 713
    },
    {
        "name": "goodgirl_nogooddown",
        "time": 135165,
        "duration": 713
    },
    {
        "name": "goodgirl_goodbye",
        "time": 136560,
        "duration": 475
    },
    {
        "name": "goodgirl_shoes_gold",
        "time": 137258,
        "duration": 475,
        "goldMove": 1
    },
    {
        "name": "goodgirl_go",
        "time": 138420,
        "duration": 475
    },
    {
        "name": "goodgirl_go",
        "time": 142141,
        "duration": 475
    },
    {
        "name": "goodgirl_yeah",
        "time": 144002,
        "duration": 475
    },
    {
        "name": "goodgirl_yeah",
        "time": 144467,
        "duration": 475
    },
    {
        "name": "goodgirl_yeah",
        "time": 144932,
        "duration": 475
    },
    {
        "name": "goodgirl_yeah",
        "time": 145397,
        "duration": 475
    },
    {
        "name": "goodgirl_crazy",
        "time": 145862,
        "duration": 951
    },
    {
        "name": "goodgirl_crazy",
        "time": 146792,
        "duration": 951
    },
    {
        "name": "goodgirl_crazy",
        "time": 147722,
        "duration": 951
    },
    {
        "name": "goodgirl_crazy",
        "time": 148653,
        "duration": 951
    },
    {
        "name": "goodgirl_crazy",
        "time": 149583,
        "duration": 951
    },
    {
        "name": "goodgirl_crazy",
        "time": 150513,
        "duration": 951
    },
    {
        "name": "goodgirl_crazy",
        "time": 151443,
        "duration": 951
    },
    {
        "name": "goodgirl_crazy",
        "time": 152373,
        "duration": 951
    },
    {
        "name": "goodgirl_punchdown",
        "time": 153304,
        "duration": 475
    },
    {
        "name": "goodgirl_punchup",
        "time": 153769,
        "duration": 475
    },
    {
        "name": "goodgirl_punchdown",
        "time": 154234,
        "duration": 475
    },
    {
        "name": "goodgirl_punchup",
        "time": 154699,
        "duration": 475
    },
    {
        "name": "goodgirl_punchdown",
        "time": 155164,
        "duration": 475
    },
    {
        "name": "goodgirl_punchup",
        "time": 155629,
        "duration": 475
    },
    {
        "name": "goodgirl_punchdown",
        "time": 156094,
        "duration": 475
    },
    {
        "name": "goodgirl_punchup",
        "time": 156559,
        "duration": 475
    },
    {
        "name": "goodgirl_spin",
        "time": 157257,
        "duration": 951
    },
    {
        "name": "goodgirl_pushaway",
        "time": 158653,
        "duration": 1189
    },
    {
        "name": "goodgirl_nogoodup",
        "time": 160745,
        "duration": 713
    },
    {
        "name": "goodgirl_nogooddown",
        "time": 161443,
        "duration": 713
    },
    {
        "name": "goodgirl_nogoodup",
        "time": 162374,
        "duration": 713
    },
    {
        "name": "goodgirl_nogooddown",
        "time": 163071,
        "duration": 713
    },
    {
        "name": "goodgirl_nogoodup",
        "time": 164234,
        "duration": 713
    },
    {
        "name": "goodgirl_nogooddown",
        "time": 164931,
        "duration": 713
    },
    {
        "name": "goodgirl_nogoodup",
        "time": 166094,
        "duration": 713
    },
    {
        "name": "goodgirl_nogooddown",
        "time": 166792,
        "duration": 713
    },
    {
        "name": "goodgirl_noslow",
        "time": 167955,
        "duration": 1189
    },
    {
        "name": "goodgirl_openshake",
        "time": 170280,
        "duration": 1903
    },
    {
        "name": "goodgirl_cross",
        "time": 173768,
        "duration": 475
    },
    {
        "name": "goodgirl_uncross",
        "time": 174233,
        "duration": 475
    },
    {
        "name": "goodgirl_cross",
        "time": 174698,
        "duration": 475
    },
    {
        "name": "goodgirl_uncross",
        "time": 175163,
        "duration": 475
    },
    {
        "name": "goodgirl_cross",
        "time": 175629,
        "duration": 475
    },
    {
        "name": "goodgirl_uncross",
        "time": 176094,
        "duration": 475
    },
    {
        "name": "goodgirl_cross",
        "time": 176559,
        "duration": 475
    },
    {
        "name": "goodgirl_uncross",
        "time": 177024,
        "duration": 475
    },
    {
        "name": "goodgirl_openshake",
        "time": 177722,
        "duration": 1903
    },
    {
        "name": "goodgirl_preparetime",
        "time": 180745,
        "duration": 1189
    },
    {
        "name": "goodgirl_time",
        "time": 183070,
        "duration": 475
    },
    {
        "name": "goodgirl_time",
        "time": 183535,
        "duration": 475
    },
    {
        "name": "goodgirl_time",
        "time": 184000,
        "duration": 475
    },
    {
        "name": "goodgirl_no",
        "time": 185164,
        "duration": 951
    },
    {
        "name": "goodgirl_crazy",
        "time": 186791,
        "duration": 951
    },
    {
        "name": "goodgirl_crazy",
        "time": 187721,
        "duration": 951
    },
    {
        "name": "goodgirl_crazy",
        "time": 190512,
        "duration": 951
    },
    {
        "name": "goodgirl_crazy",
        "time": 191442,
        "duration": 951
    },
    {
        "name": "goodgirl_openshake",
        "time": 192605,
        "duration": 1903
    },
    {
        "name": "goodgirl_preparetime",
        "time": 195628,
        "duration": 1189
    },
    {
        "name": "goodgirl_time",
        "time": 197953,
        "duration": 475
    },
    {
        "name": "goodgirl_time",
        "time": 198419,
        "duration": 475
    },
    {
        "name": "goodgirl_time",
        "time": 198884,
        "duration": 475
    },
    {
        "name": "goodgirl_nogoodup",
        "time": 199814,
        "duration": 713
    },
    {
        "name": "goodgirl_nogooddown",
        "time": 200512,
        "duration": 713
    },
    {
        "name": "goodgirl_nogoodup",
        "time": 201442,
        "duration": 713
    },
    {
        "name": "goodgirl_nogooddown",
        "time": 202139,
        "duration": 713
    },
    {
        "name": "goodgirl_nogoodup",
        "time": 203303,
        "duration": 713
    },
    {
        "name": "goodgirl_nogooddown",
        "time": 204000,
        "duration": 713
    },
    {
        "name": "goodgirl_goodbye",
        "time": 205395,
        "duration": 475
    },
    {
        "name": "goodgirl_shoes_gold",
        "time": 206558,
        "duration": 475,
        "goldMove": 1
    }
]