[
    {
        "name": "dare_downcactus",
        "time": 11725,
        "duration": 500
    },
    {
        "name": "dare_slapright",
        "time": 12224,
        "duration": 500
    },
    {
        "name": "dare_slapcactus",
        "time": 12722,
        "duration": 500
    },
    {
        "name": "dare_downcactus",
        "time": 13720,
        "duration": 500
    },
    {
        "name": "dare_slapright",
        "time": 14219,
        "duration": 500
    },
    {
        "name": "dare_slapcactus",
        "time": 14717,
        "duration": 500
    },
    {
        "name": "dare_downcactus",
        "time": 15715,
        "duration": 500
    },
    {
        "name": "dare_slapright",
        "time": 16214,
        "duration": 500
    },
    {
        "name": "dare_slapcactus",
        "time": 16712,
        "duration": 500
    },
    {
        "name": "dare_downcactus",
        "time": 17710,
        "duration": 500
    },
    {
        "name": "dare_slapright",
        "time": 18209,
        "duration": 500
    },
    {
        "name": "dare_slapcactus",
        "time": 18707,
        "duration": 500
    },
    {
        "name": "dare_wipe",
        "time": 19955,
        "duration": 1000
    },
    {
        "name": "dare_downcactus",
        "time": 23695,
        "duration": 500
    },
    {
        "name": "dare_slapright",
        "time": 24194,
        "duration": 500
    },
    {
        "name": "dare_slapcactus",
        "time": 24692,
        "duration": 500
    },
    {
        "name": "dare_downcactus",
        "time": 25690,
        "duration": 500
    },
    {
        "name": "dare_slapright",
        "time": 26189,
        "duration": 500
    },
    {
        "name": "dare_slapcactus",
        "time": 26687,
        "duration": 500
    },
    {
        "name": "dare_wings",
        "time": 27709,
        "duration": 500
    },
    {
        "name": "dare_wingsup",
        "time": 28216,
        "duration": 1000
    },
    {
        "name": "dare_wingsgroup",
        "time": 29213,
        "duration": 500
    },
    {
        "name": "dare_wingspoint",
        "time": 29962,
        "duration": 1000
    },
    {
        "name": "dare_wings",
        "time": 31707,
        "duration": 500
    },
    {
        "name": "dare_wingsup",
        "time": 32206,
        "duration": 1000
    },
    {
        "name": "dare_wingsgroup",
        "time": 33203,
        "duration": 500
    },
    {
        "name": "dare_wingspoint",
        "time": 33952,
        "duration": 1000
    },
    {
        "name": "dare_wipe",
        "time": 35947,
        "duration": 1000
    },
    {
        "name": "dare_downcactus",
        "time": 39687,
        "duration": 500
    },
    {
        "name": "dare_slapright",
        "time": 40186,
        "duration": 500
    },
    {
        "name": "dare_slapcactus",
        "time": 40684,
        "duration": 500
    },
    {
        "name": "dare_downcactus",
        "time": 41682,
        "duration": 500
    },
    {
        "name": "dare_slapright",
        "time": 42181,
        "duration": 500
    },
    {
        "name": "dare_slapcactus",
        "time": 42679,
        "duration": 500
    },
    {
        "name": "dare_wings",
        "time": 43677,
        "duration": 500
    },
    {
        "name": "dare_wingsup",
        "time": 44176,
        "duration": 1000
    },
    {
        "name": "dare_wingsgroup",
        "time": 45173,
        "duration": 500
    },
    {
        "name": "dare_wingspoint",
        "time": 45922,
        "duration": 1000
    },
    {
        "name": "dare_wings",
        "time": 47667,
        "duration": 500
    },
    {
        "name": "dare_wingsup",
        "time": 48166,
        "duration": 1000
    },
    {
        "name": "dare_wingsgroup",
        "time": 49163,
        "duration": 500
    },
    {
        "name": "dare_wingspoint",
        "time": 49912,
        "duration": 1000
    },
    {
        "name": "dare_wipe",
        "time": 51907,
        "duration": 1000
    },
    {
        "name": "dare_downcactus",
        "time": 55647,
        "duration": 500
    },
    {
        "name": "dare_slapright",
        "time": 56146,
        "duration": 500
    },
    {
        "name": "dare_slapcactus",
        "time": 56645,
        "duration": 500
    },
    {
        "name": "dare_downcactus",
        "time": 57642,
        "duration": 500
    },
    {
        "name": "dare_slapright",
        "time": 58141,
        "duration": 500
    },
    {
        "name": "dare_slapcactus",
        "time": 58640,
        "duration": 500
    },
    {
        "name": "dare_look",
        "time": 59637,
        "duration": 1500
    },
    {
        "name": "dare_double",
        "time": 61882,
        "duration": 750
    },
    {
        "name": "dare_double",
        "time": 63877,
        "duration": 750
    },
    {
        "name": "dare_double",
        "time": 65872,
        "duration": 750
    },
    {
        "name": "dare_double",
        "time": 67867,
        "duration": 750
    },
    {
        "name": "dare_sad",
        "time": 69363,
        "duration": 1000
    },
    {
        "name": "dare_robotswap1",
        "time": 70859,
        "duration": 500
    },
    {
        "name": "dare_robotswap2",
        "time": 71857,
        "duration": 500
    },
    {
        "name": "dare_robotswap1",
        "time": 72854,
        "duration": 500
    },
    {
        "name": "dare_robotswap2",
        "time": 73852,
        "duration": 500
    },
    {
        "name": "dare_robotswap1",
        "time": 74865,
        "duration": 500
    },
    {
        "name": "dare_robotswap2",
        "time": 75879,
        "duration": 500,
        "goldMove": 1
    },
    {
        "name": "dare_double",
        "time": 77863,
        "duration": 750
    },
    {
        "name": "dare_double",
        "time": 79853,
        "duration": 750
    },
    {
        "name": "dare_double",
        "time": 81848,
        "duration": 750
    },
    {
        "name": "dare_double",
        "time": 83843,
        "duration": 750
    },
    {
        "name": "dare_wipe",
        "time": 86337,
        "duration": 1000
    },
    {
        "name": "dare_downcactus",
        "time": 89578,
        "duration": 500
    },
    {
        "name": "dare_slapright",
        "time": 90077,
        "duration": 500
    },
    {
        "name": "dare_slapcactus",
        "time": 90576,
        "duration": 500
    },
    {
        "name": "dare_downcactus",
        "time": 91573,
        "duration": 500
    },
    {
        "name": "dare_slapright",
        "time": 92072,
        "duration": 500
    },
    {
        "name": "dare_slapcactus",
        "time": 92571,
        "duration": 500
    },
    {
        "name": "dare_wings",
        "time": 93568,
        "duration": 500
    },
    {
        "name": "dare_wingsup",
        "time": 94067,
        "duration": 1000
    },
    {
        "name": "dare_wingsgroup",
        "time": 95065,
        "duration": 500
    },
    {
        "name": "dare_wingspoint",
        "time": 95813,
        "duration": 1000
    },
    {
        "name": "dare_wings",
        "time": 97558,
        "duration": 500
    },
    {
        "name": "dare_wingsup",
        "time": 98057,
        "duration": 1000
    },
    {
        "name": "dare_wingsgroup",
        "time": 99055,
        "duration": 500
    },
    {
        "name": "dare_wingspoint",
        "time": 99819,
        "duration": 1000
    },
    {
        "name": "dare_wipe",
        "time": 101814,
        "duration": 1000
    },
    {
        "name": "dare_downcactus",
        "time": 105554,
        "duration": 500
    },
    {
        "name": "dare_slapright",
        "time": 106053,
        "duration": 500
    },
    {
        "name": "dare_slapcactus",
        "time": 106552,
        "duration": 500
    },
    {
        "name": "dare_downcactus",
        "time": 107549,
        "duration": 500
    },
    {
        "name": "dare_slapright",
        "time": 108048,
        "duration": 500
    },
    {
        "name": "dare_slapcactus",
        "time": 108547,
        "duration": 500
    },
    {
        "name": "dare_wings",
        "time": 109544,
        "duration": 500
    },
    {
        "name": "dare_wingsup",
        "time": 110043,
        "duration": 1000
    },
    {
        "name": "dare_wingsgroup",
        "time": 111041,
        "duration": 500
    },
    {
        "name": "dare_wingspoint",
        "time": 111789,
        "duration": 1000
    },
    {
        "name": "dare_wings",
        "time": 113534,
        "duration": 500
    },
    {
        "name": "dare_wingsup",
        "time": 114033,
        "duration": 1000
    },
    {
        "name": "dare_wingsgroup",
        "time": 115031,
        "duration": 500
    },
    {
        "name": "dare_wingspoint",
        "time": 115779,
        "duration": 1000
    },
    {
        "name": "dare_wipe",
        "time": 117774,
        "duration": 1000
    },
    {
        "name": "dare_downcactus",
        "time": 121514,
        "duration": 500
    },
    {
        "name": "dare_slapright",
        "time": 122013,
        "duration": 500
    },
    {
        "name": "dare_slapcactus",
        "time": 122512,
        "duration": 500
    },
    {
        "name": "dare_downcactus",
        "time": 123509,
        "duration": 500
    },
    {
        "name": "dare_slapright",
        "time": 124013,
        "duration": 500
    },
    {
        "name": "dare_slapcactus",
        "time": 124517,
        "duration": 500
    },
    {
        "name": "dare_double",
        "time": 125764,
        "duration": 750
    },
    {
        "name": "dare_double",
        "time": 127759,
        "duration": 750
    },
    {
        "name": "dare_double",
        "time": 129754,
        "duration": 750
    },
    {
        "name": "dare_double",
        "time": 131749,
        "duration": 750
    },
    {
        "name": "dare_sad",
        "time": 133246,
        "duration": 1000
    },
    {
        "name": "dare_robotswap1",
        "time": 134755,
        "duration": 500
    },
    {
        "name": "dare_robotswap2",
        "time": 135752,
        "duration": 500
    },
    {
        "name": "dare_robotswap1",
        "time": 136750,
        "duration": 500
    },
    {
        "name": "dare_robotswap2",
        "time": 137747,
        "duration": 500
    },
    {
        "name": "dare_robotswap1",
        "time": 138745,
        "duration": 500
    },
    {
        "name": "dare_robotswap2",
        "time": 139742,
        "duration": 500,
        "goldMove": 1
    },
    {
        "name": "dare_double",
        "time": 141754,
        "duration": 750
    },
    {
        "name": "dare_double",
        "time": 143732,
        "duration": 750
    },
    {
        "name": "dare_double",
        "time": 145727,
        "duration": 750
    },
    {
        "name": "dare_double",
        "time": 147722,
        "duration": 750
    },
    {
        "name": "dare_sad",
        "time": 149219,
        "duration": 1000
    },
    {
        "name": "dare_robotswap1",
        "time": 150724,
        "duration": 500
    },
    {
        "name": "dare_robotswap2",
        "time": 151721,
        "duration": 500
    },
    {
        "name": "dare_robotswap1",
        "time": 152719,
        "duration": 500
    },
    {
        "name": "dare_robotswap2",
        "time": 153716,
        "duration": 500
    },
    {
        "name": "dare_robotswap1",
        "time": 154714,
        "duration": 500
    },
    {
        "name": "dare_robotswap2",
        "time": 155711,
        "duration": 500,
        "goldMove": 1
    },
    {
        "name": "dare_wings",
        "time": 157458,
        "duration": 500
    },
    {
        "name": "dare_wingsup",
        "time": 157957,
        "duration": 1000
    },
    {
        "name": "dare_wingsgroup",
        "time": 158953,
        "duration": 500
    },
    {
        "name": "dare_wingspoint",
        "time": 159701,
        "duration": 1000
    },
    {
        "name": "dare_wings",
        "time": 161452,
        "duration": 500
    },
    {
        "name": "dare_wingsup",
        "time": 161955,
        "duration": 1000
    },
    {
        "name": "dare_wingsgroup",
        "time": 162952,
        "duration": 500
    },
    {
        "name": "dare_wingspoint",
        "time": 163701,
        "duration": 1000
    },
    {
        "name": "dare_wipe",
        "time": 165696,
        "duration": 1000
    },
    {
        "name": "dare_downcactus",
        "time": 169436,
        "duration": 500
    },
    {
        "name": "dare_slapright",
        "time": 169935,
        "duration": 500
    },
    {
        "name": "dare_slapcactus",
        "time": 170434,
        "duration": 500
    },
    {
        "name": "dare_downcactus",
        "time": 171431,
        "duration": 500
    },
    {
        "name": "dare_slapright",
        "time": 171930,
        "duration": 500
    },
    {
        "name": "dare_slapcactus",
        "time": 172429,
        "duration": 500
    },
    {
        "name": "dare_wings",
        "time": 173426,
        "duration": 500
    },
    {
        "name": "dare_wingsup",
        "time": 173925,
        "duration": 1000
    },
    {
        "name": "dare_wingsgroup",
        "time": 174922,
        "duration": 500
    },
    {
        "name": "dare_wingspoint",
        "time": 175680,
        "duration": 1000
    },
    {
        "name": "dare_wings",
        "time": 177416,
        "duration": 500
    },
    {
        "name": "dare_wingsup",
        "time": 177918,
        "duration": 1000
    },
    {
        "name": "dare_wingsgroup",
        "time": 178918,
        "duration": 500
    },
    {
        "name": "dare_wingspoint",
        "time": 179666,
        "duration": 1000
    },
    {
        "name": "dare_wipe",
        "time": 181661,
        "duration": 1000
    },
    {
        "name": "dare_downcactus",
        "time": 185405,
        "duration": 500
    },
    {
        "name": "dare_slapright",
        "time": 185904,
        "duration": 500
    },
    {
        "name": "dare_slapcactus",
        "time": 186403,
        "duration": 500
    },
    {
        "name": "dare_downcactus",
        "time": 187400,
        "duration": 500
    },
    {
        "name": "dare_slapright",
        "time": 187899,
        "duration": 500
    },
    {
        "name": "dare_slapcactus",
        "time": 188398,
        "duration": 500
    },
    {
        "name": "dare_wings",
        "time": 189395,
        "duration": 500
    },
    {
        "name": "dare_wingsup",
        "time": 189894,
        "duration": 1000
    },
    {
        "name": "dare_wingsgroup",
        "time": 190907,
        "duration": 500
    },
    {
        "name": "dare_wingspoint",
        "time": 191656,
        "duration": 1000
    },
    {
        "name": "dare_wings",
        "time": 193401,
        "duration": 500
    },
    {
        "name": "dare_wingsup",
        "time": 193900,
        "duration": 1000
    },
    {
        "name": "dare_wingsgroup",
        "time": 194897,
        "duration": 500
    },
    {
        "name": "dare_wingspoint",
        "time": 195646,
        "duration": 1000
    },
    {
        "name": "dare_wipe",
        "time": 197641,
        "duration": 1000
    },
    {
        "name": "dare_downcactus",
        "time": 201506,
        "duration": 500
    },
    {
        "name": "dare_slapright",
        "time": 202005,
        "duration": 500
    },
    {
        "name": "dare_slapcactus",
        "time": 202503,
        "duration": 500
    },
    {
        "name": "dare_downcactus",
        "time": 203501,
        "duration": 500
    },
    {
        "name": "dare_slapright",
        "time": 204000,
        "duration": 500
    },
    {
        "name": "dare_slapcactus",
        "time": 204498,
        "duration": 500
    },
    {
        "name": "dare_wings",
        "time": 205371,
        "duration": 500
    },
    {
        "name": "dare_wingsup",
        "time": 205870,
        "duration": 1000
    },
    {
        "name": "dare_wingsgroup",
        "time": 206867,
        "duration": 500
    },
    {
        "name": "dare_wingspoint",
        "time": 207616,
        "duration": 1000
    },
    {
        "name": "dare_wings",
        "time": 209361,
        "duration": 500
    },
    {
        "name": "dare_wingsup",
        "time": 209860,
        "duration": 1000
    },
    {
        "name": "dare_wingsgroup",
        "time": 210858,
        "duration": 500
    },
    {
        "name": "dare_wingspoint",
        "time": 211606,
        "duration": 1000
    },
    {
        "name": "dare_wipe",
        "time": 213601,
        "duration": 1000
    },
    {
        "name": "dare_downcactus",
        "time": 217341,
        "duration": 500
    },
    {
        "name": "dare_slapright",
        "time": 217840,
        "duration": 500
    },
    {
        "name": "dare_slapcactus",
        "time": 218339,
        "duration": 500
    },
    {
        "name": "dare_downcactus",
        "time": 219336,
        "duration": 500
    },
    {
        "name": "dare_slapright",
        "time": 219840,
        "duration": 500
    },
    {
        "name": "dare_slapcactus",
        "time": 220343,
        "duration": 500
    },
    {
        "name": "dare_slapcactus",
        "time": 221340,
        "duration": 500,
        "goldMove": 1
    }
]