[
    {
        "name": "richgirl_pyramidupslow",
        "time": 7956,
        "duration": 917
    },
    {
        "name": "richgirl_pyramiddownslow",
        "time": 9793,
        "duration": 917
    },
    {
        "name": "richgirl_pyramidup",
        "time": 12242,
        "duration": 611
    },
    {
        "name": "richgirl_pyramiddown",
        "time": 13772,
        "duration": 611
    },
    {
        "name": "richgirl_pyramidup",
        "time": 14997,
        "duration": 611
    },
    {
        "name": "richgirl_prayer",
        "time": 16221,
        "duration": 611
    },
    {
        "name": "richgirl_sorcererup",
        "time": 17446,
        "duration": 1070
    },
    {
        "name": "richgirl_sorcererdown",
        "time": 18517,
        "duration": 1070
    },
    {
        "name": "richgirl_sorcererup",
        "time": 19589,
        "duration": 1070
    },
    {
        "name": "richgirl_sorcererdown",
        "time": 20660,
        "duration": 1070
    },
    {
        "name": "richgirl_throw",
        "time": 22038,
        "duration": 917
    },
    {
        "name": "richgirl_throw",
        "time": 23262,
        "duration": 917
    },
    {
        "name": "richgirl_sorcererup",
        "time": 27242,
        "duration": 1070
    },
    {
        "name": "richgirl_sorcererdown",
        "time": 28313,
        "duration": 1070
    },
    {
        "name": "richgirl_sorcererup",
        "time": 29385,
        "duration": 1070
    },
    {
        "name": "richgirl_sorcererdown",
        "time": 30456,
        "duration": 1070
    },
    {
        "name": "richgirl_throw",
        "time": 31834,
        "duration": 917
    },
    {
        "name": "richgirl_throw",
        "time": 33058,
        "duration": 917
    },
    {
        "name": "richgirl_queen",
        "time": 37037,
        "duration": 917
    },
    {
        "name": "richgirl_egyptian",
        "time": 38874,
        "duration": 611
    },
    {
        "name": "richgirl_circle",
        "time": 39486,
        "duration": 611
    },
    {
        "name": "richgirl_circle",
        "time": 40099,
        "duration": 611
    },
    {
        "name": "richgirl_circle",
        "time": 40711,
        "duration": 611
    },
    {
        "name": "richgirl_magic",
        "time": 41935,
        "duration": 1223
    },
    {
        "name": "richgirl_magic",
        "time": 43160,
        "duration": 1223
    },
    {
        "name": "richgirl_magicend",
        "time": 44384,
        "duration": 917
    },
    {
        "name": "richgirl_osiris",
        "time": 45303,
        "duration": 611
    },
    {
        "name": "richgirl_queen",
        "time": 48058,
        "duration": 917
    },
    {
        "name": "richgirl_egyptian",
        "time": 49742,
        "duration": 611
    },
    {
        "name": "richgirl_circle",
        "time": 50507,
        "duration": 611
    },
    {
        "name": "richgirl_circle",
        "time": 51119,
        "duration": 611
    },
    {
        "name": "richgirl_circle",
        "time": 51731,
        "duration": 611
    },
    {
        "name": "richgirl_magic",
        "time": 52956,
        "duration": 1223
    },
    {
        "name": "richgirl_magic",
        "time": 54180,
        "duration": 1223
    },
    {
        "name": "richgirl_magicend",
        "time": 55405,
        "duration": 917
    },
    {
        "name": "richgirl_osiris",
        "time": 56323,
        "duration": 611
    },
    {
        "name": "richgirl_order",
        "time": 59078,
        "duration": 1223
    },
    {
        "name": "richgirl_order",
        "time": 61527,
        "duration": 1223
    },
    {
        "name": "richgirl_order",
        "time": 63976,
        "duration": 1223
    },
    {
        "name": "richgirl_princess",
        "time": 66119,
        "duration": 611
    },
    {
        "name": "richgirl_princess",
        "time": 66731,
        "duration": 611
    },
    {
        "name": "richgirl_princess",
        "time": 67344,
        "duration": 611
    },
    {
        "name": "richgirl_princess",
        "time": 67956,
        "duration": 611
    },
    {
        "name": "richgirl_order",
        "time": 68874,
        "duration": 1223
    },
    {
        "name": "richgirl_order",
        "time": 71323,
        "duration": 1223
    },
    {
        "name": "richgirl_order",
        "time": 73772,
        "duration": 1223
    },
    {
        "name": "richgirl_princess",
        "time": 75915,
        "duration": 611
    },
    {
        "name": "richgirl_princess",
        "time": 76527,
        "duration": 611
    },
    {
        "name": "richgirl_princess",
        "time": 77140,
        "duration": 611
    },
    {
        "name": "richgirl_princess",
        "time": 77752,
        "duration": 611
    },
    {
        "name": "richgirl_nile",
        "time": 78670,
        "duration": 917
    },
    {
        "name": "richgirl_nile",
        "time": 81119,
        "duration": 917
    },
    {
        "name": "richgirl_nile",
        "time": 83568,
        "duration": 917
    },
    {
        "name": "richgirl_nefertiti",
        "time": 86017,
        "duration": 611
    },
    {
        "name": "richgirl_nefertiti",
        "time": 86629,
        "duration": 611
    },
    {
        "name": "richgirl_nefertiti",
        "time": 87242,
        "duration": 611
    },
    {
        "name": "richgirl_nile",
        "time": 88466,
        "duration": 917
    },
    {
        "name": "richgirl_nile",
        "time": 90915,
        "duration": 917
    },
    {
        "name": "richgirl_nile",
        "time": 93364,
        "duration": 917
    },
    {
        "name": "richgirl_nefertiti",
        "time": 95813,
        "duration": 611
    },
    {
        "name": "richgirl_nefertiti",
        "time": 96425,
        "duration": 611
    },
    {
        "name": "richgirl_nefertiti",
        "time": 97037,
        "duration": 611
    },
    {
        "name": "richgirl_queen",
        "time": 98262,
        "duration": 917
    },
    {
        "name": "richgirl_egyptian",
        "time": 100099,
        "duration": 611
    },
    {
        "name": "richgirl_circle",
        "time": 100711,
        "duration": 611
    },
    {
        "name": "richgirl_circle",
        "time": 101323,
        "duration": 611
    },
    {
        "name": "richgirl_circle",
        "time": 101935,
        "duration": 611
    },
    {
        "name": "richgirl_magic",
        "time": 103160,
        "duration": 1223
    },
    {
        "name": "richgirl_magic",
        "time": 104384,
        "duration": 1223
    },
    {
        "name": "richgirl_magicend",
        "time": 105609,
        "duration": 917
    },
    {
        "name": "richgirl_osiris",
        "time": 106527,
        "duration": 611
    },
    {
        "name": "richgirl_queen",
        "time": 108058,
        "duration": 917
    },
    {
        "name": "richgirl_egyptian",
        "time": 109589,
        "duration": 611
    },
    {
        "name": "richgirl_circle",
        "time": 110507,
        "duration": 611
    },
    {
        "name": "richgirl_circle",
        "time": 111119,
        "duration": 611
    },
    {
        "name": "richgirl_circle",
        "time": 111731,
        "duration": 611
    },
    {
        "name": "richgirl_magic",
        "time": 112956,
        "duration": 1223
    },
    {
        "name": "richgirl_magic",
        "time": 114180,
        "duration": 1223
    },
    {
        "name": "richgirl_magicend",
        "time": 115405,
        "duration": 917
    },
    {
        "name": "richgirl_osiris",
        "time": 116323,
        "duration": 611
    },
    {
        "name": "richgirl_order",
        "time": 119078,
        "duration": 1223
    },
    {
        "name": "richgirl_order",
        "time": 121527,
        "duration": 1223
    },
    {
        "name": "richgirl_order",
        "time": 123976,
        "duration": 1223
    },
    {
        "name": "richgirl_princess",
        "time": 126119,
        "duration": 611
    },
    {
        "name": "richgirl_princess",
        "time": 126731,
        "duration": 611
    },
    {
        "name": "richgirl_princess",
        "time": 127344,
        "duration": 611
    },
    {
        "name": "richgirl_princess",
        "time": 127956,
        "duration": 611
    },
    {
        "name": "richgirl_order",
        "time": 128874,
        "duration": 1223
    },
    {
        "name": "richgirl_order",
        "time": 131323,
        "duration": 1223
    },
    {
        "name": "richgirl_order",
        "time": 133772,
        "duration": 1223
    },
    {
        "name": "richgirl_princess",
        "time": 135915,
        "duration": 611
    },
    {
        "name": "richgirl_princess",
        "time": 136527,
        "duration": 611
    },
    {
        "name": "richgirl_princess",
        "time": 137140,
        "duration": 611
    },
    {
        "name": "richgirl_princess",
        "time": 137752,
        "duration": 611
    },
    {
        "name": "richgirl_nile",
        "time": 138670,
        "duration": 917
    },
    {
        "name": "richgirl_nile",
        "time": 141119,
        "duration": 917
    },
    {
        "name": "richgirl_nile",
        "time": 143568,
        "duration": 917
    },
    {
        "name": "richgirl_nefertiti",
        "time": 146017,
        "duration": 611
    },
    {
        "name": "richgirl_nefertiti",
        "time": 146629,
        "duration": 611
    },
    {
        "name": "richgirl_nefertiti",
        "time": 147242,
        "duration": 611
    },
    {
        "name": "richgirl_nile",
        "time": 148466,
        "duration": 917
    },
    {
        "name": "richgirl_nile",
        "time": 150915,
        "duration": 917
    },
    {
        "name": "richgirl_nile",
        "time": 153364,
        "duration": 917
    },
    {
        "name": "richgirl_nefertiti",
        "time": 156119,
        "duration": 611
    },
    {
        "name": "richgirl_nefertiti",
        "time": 156731,
        "duration": 611
    },
    {
        "name": "richgirl_nefertiti",
        "time": 157344,
        "duration": 611
    },
    {
        "name": "richgirl_sorcererup",
        "time": 158262,
        "duration": 1070
    },
    {
        "name": "richgirl_sorcererdown",
        "time": 159333,
        "duration": 1070
    },
    {
        "name": "richgirl_sorcererup",
        "time": 160405,
        "duration": 1070
    },
    {
        "name": "richgirl_sorcererdown",
        "time": 161476,
        "duration": 1070
    },
    {
        "name": "richgirl_throw",
        "time": 162854,
        "duration": 917
    },
    {
        "name": "richgirl_throw",
        "time": 164078,
        "duration": 917
    },
    {
        "name": "richgirl_sorcererup",
        "time": 168058,
        "duration": 1070
    },
    {
        "name": "richgirl_sorcererdown",
        "time": 169129,
        "duration": 1070
    },
    {
        "name": "richgirl_sorcererup",
        "time": 170201,
        "duration": 1070
    },
    {
        "name": "richgirl_sorcererdown",
        "time": 171272,
        "duration": 1070
    },
    {
        "name": "richgirl_throw",
        "time": 172650,
        "duration": 917
    },
    {
        "name": "richgirl_throw",
        "time": 173874,
        "duration": 917
    },
    {
        "name": "richgirl_warrior",
        "time": 177854,
        "duration": 611
    },
    {
        "name": "richgirl_warrior",
        "time": 179078,
        "duration": 611
    },
    {
        "name": "richgirl_handpose",
        "time": 180303,
        "duration": 611
    },
    {
        "name": "richgirl_handchange",
        "time": 181221,
        "duration": 611,
        "goldMove": 1
    },
    {
        "name": "richgirl_warrior",
        "time": 182752,
        "duration": 611
    },
    {
        "name": "richgirl_warrior",
        "time": 183976,
        "duration": 611
    },
    {
        "name": "richgirl_handpose",
        "time": 185201,
        "duration": 611
    },
    {
        "name": "richgirl_handchange",
        "time": 186119,
        "duration": 611,
        "goldMove": 1
    },
    {
        "name": "richgirl_warrior",
        "time": 187650,
        "duration": 611
    },
    {
        "name": "richgirl_warrior",
        "time": 188874,
        "duration": 611
    },
    {
        "name": "richgirl_handpose",
        "time": 190099,
        "duration": 611
    },
    {
        "name": "richgirl_handchange",
        "time": 191017,
        "duration": 611,
        "goldMove": 1
    },
    {
        "name": "richgirl_isis",
        "time": 192854,
        "duration": 1223
    },
    {
        "name": "richgirl_isistwist",
        "time": 194078,
        "duration": 1223
    },
    {
        "name": "richgirl_isis",
        "time": 195303,
        "duration": 1223
    },
    {
        "name": "richgirl_isistwist",
        "time": 196527,
        "duration": 1223
    },
    {
        "name": "richgirl_isis",
        "time": 197752,
        "duration": 1223
    },
    {
        "name": "richgirl_isis",
        "time": 198976,
        "duration": 1223
    },
    {
        "name": "richgirl_isis",
        "time": 200201,
        "duration": 1223
    },
    {
        "name": "richgirl_queen",
        "time": 202344,
        "duration": 917
    },
    {
        "name": "richgirl_egyptian",
        "time": 203874,
        "duration": 611
    },
    {
        "name": "richgirl_circle",
        "time": 204640,
        "duration": 611
    },
    {
        "name": "richgirl_circle",
        "time": 205252,
        "duration": 611
    },
    {
        "name": "richgirl_circle",
        "time": 205864,
        "duration": 611
    },
    {
        "name": "richgirl_magic",
        "time": 207242,
        "duration": 1223
    },
    {
        "name": "richgirl_magic",
        "time": 208466,
        "duration": 1223
    },
    {
        "name": "richgirl_magicend",
        "time": 209691,
        "duration": 917
    },
    {
        "name": "richgirl_osiris",
        "time": 210609,
        "duration": 611
    },
    {
        "name": "richgirl_queen",
        "time": 212140,
        "duration": 917
    },
    {
        "name": "richgirl_egyptian",
        "time": 213670,
        "duration": 611
    },
    {
        "name": "richgirl_circle",
        "time": 214283,
        "duration": 611
    },
    {
        "name": "richgirl_circle",
        "time": 214895,
        "duration": 611
    },
    {
        "name": "richgirl_circle",
        "time": 215507,
        "duration": 611
    },
    {
        "name": "richgirl_magic",
        "time": 217037,
        "duration": 1223
    },
    {
        "name": "richgirl_magic",
        "time": 218262,
        "duration": 1223
    },
    {
        "name": "richgirl_magicend",
        "time": 219486,
        "duration": 917
    },
    {
        "name": "richgirl_osiris",
        "time": 220405,
        "duration": 611
    },
    {
        "name": "richgirl_cobraup",
        "time": 223160,
        "duration": 1223
    },
    {
        "name": "richgirl_cobradown",
        "time": 225609,
        "duration": 1223
    },
    {
        "name": "richgirl_wet",
        "time": 228058,
        "duration": 611
    },
    {
        "name": "richgirl_wet",
        "time": 228670,
        "duration": 611
    },
    {
        "name": "richgirl_wet",
        "time": 229282,
        "duration": 611
    },
    {
        "name": "richgirl_wet",
        "time": 229895,
        "duration": 611
    },
    {
        "name": "richgirl_wet",
        "time": 230507,
        "duration": 611
    },
    {
        "name": "richgirl_wet",
        "time": 231119,
        "duration": 611
    },
    {
        "name": "richgirl_wet",
        "time": 231731,
        "duration": 611
    },
    {
        "name": "richgirl_cobraup",
        "time": 232956,
        "duration": 1223
    },
    {
        "name": "richgirl_cobradown",
        "time": 235405,
        "duration": 1223
    },
    {
        "name": "richgirl_wet",
        "time": 237854,
        "duration": 611
    },
    {
        "name": "richgirl_wet",
        "time": 238466,
        "duration": 611
    },
    {
        "name": "richgirl_wet",
        "time": 239078,
        "duration": 611
    },
    {
        "name": "richgirl_wet",
        "time": 239691,
        "duration": 611
    },
    {
        "name": "richgirl_wet",
        "time": 240303,
        "duration": 611
    },
    {
        "name": "richgirl_wet",
        "time": 240915,
        "duration": 611
    },
    {
        "name": "richgirl_wet",
        "time": 241527,
        "duration": 611
    },
    {
        "name": "richgirl_cobraup",
        "time": 242752,
        "duration": 1223
    },
    {
        "name": "richgirl_cobradown",
        "time": 245201,
        "duration": 1223
    }
]