[
    {
        "name": "sogood_startpose",
        "time": 14982,
        "duration": 1000
    },
    {
        "name": "sogood_angle",
        "time": 16034,
        "duration": 1500
    },
    {
        "name": "sogood_angle",
        "time": 18841,
        "duration": 1500
    },
    {
        "name": "sogood_mutekingslow",
        "time": 21648,
        "duration": 1500
    },
    {
        "name": "sogood_mutekingfast",
        "time": 24455,
        "duration": 1500
    },
    {
        "name": "sogood_mutekingfast",
        "time": 25859,
        "duration": 1500
    },
    {
        "name": "sogood_angle",
        "time": 27262,
        "duration": 1500
    },
    {
        "name": "sogood_angle",
        "time": 30069,
        "duration": 1500
    },
    {
        "name": "sogood_mutekingslow",
        "time": 32876,
        "duration": 1500
    },
    {
        "name": "sogood_mutekingfast",
        "time": 35683,
        "duration": 1500
    },
    {
        "name": "sogood_mutekingfast",
        "time": 37087,
        "duration": 1500
    },
    {
        "name": "sogood_smile",
        "time": 38490,
        "duration": 1500
    },
    {
        "name": "sogood_goodcross",
        "time": 40245,
        "duration": 1000
    },
    {
        "name": "sogood_wow",
        "time": 42350,
        "duration": 1000,
        "goldMove": 1
    },
    {
        "name": "sogood_backandopenstart",
        "time": 43753,
        "duration": 2000
    },
    {
        "name": "sogood_backandopen",
        "time": 45157,
        "duration": 2000
    },
    {
        "name": "sogood_backandopen",
        "time": 46560,
        "duration": 2000
    },
    {
        "name": "sogood_backandopen",
        "time": 47964,
        "duration": 2000
    },
    {
        "name": "sogood_bboy",
        "time": 50069,
        "duration": 1000
    },
    {
        "name": "sogood_bboy",
        "time": 51472,
        "duration": 1000
    },
    {
        "name": "sogood_bboy",
        "time": 52876,
        "duration": 1000
    },
    {
        "name": "sogood_bboy",
        "time": 54279,
        "duration": 1000
    },
    {
        "name": "sogood_backandopenstart",
        "time": 54981,
        "duration": 2000
    },
    {
        "name": "sogood_backandopen",
        "time": 56385,
        "duration": 2000
    },
    {
        "name": "sogood_backandopen",
        "time": 57788,
        "duration": 2000
    },
    {
        "name": "sogood_backandopen",
        "time": 59192,
        "duration": 2000
    },
    {
        "name": "sogood_spin",
        "time": 60595,
        "duration": 3403
    },
    {
        "name": "sogood_punch",
        "time": 63402,
        "duration": 1000
    },
    {
        "name": "sogood_punch",
        "time": 64104,
        "duration": 1000
    },
    {
        "name": "sogood_punch",
        "time": 64806,
        "duration": 1000
    },
    {
        "name": "sogood_punch",
        "time": 65507,
        "duration": 1000
    },
    {
        "name": "sogood_wavedown",
        "time": 66209,
        "duration": 1500
    },
    {
        "name": "sogood_wavedown",
        "time": 67613,
        "duration": 1500
    },
    {
        "name": "sogood_waveup",
        "time": 69016,
        "duration": 2000
    },
    {
        "name": "sogood_waveup",
        "time": 70420,
        "duration": 2000
    },
    {
        "name": "sogood_wavedown",
        "time": 71823,
        "duration": 1500
    },
    {
        "name": "sogood_wavedown",
        "time": 73227,
        "duration": 1500
    },
    {
        "name": "sogood_waveup",
        "time": 74630,
        "duration": 2000
    },
    {
        "name": "sogood_waveup",
        "time": 76034,
        "duration": 2000
    },
    {
        "name": "sogood_angle",
        "time": 77788,
        "duration": 1500
    },
    {
        "name": "sogood_angle",
        "time": 80595,
        "duration": 1500
    },
    {
        "name": "sogood_mutekingslow",
        "time": 83402,
        "duration": 1500
    },
    {
        "name": "sogood_mutekingfast",
        "time": 86209,
        "duration": 1500
    },
    {
        "name": "sogood_mutekingfast",
        "time": 87613,
        "duration": 1500
    },
    {
        "name": "sogood_angle",
        "time": 89016,
        "duration": 1500
    },
    {
        "name": "sogood_angle",
        "time": 91823,
        "duration": 1500
    },
    {
        "name": "sogood_mutekingslow",
        "time": 94630,
        "duration": 1500
    },
    {
        "name": "sogood_mutekingfast",
        "time": 97437,
        "duration": 1500
    },
    {
        "name": "sogood_mutekingfast",
        "time": 98840,
        "duration": 1500
    },
    {
        "name": "sogood_smile",
        "time": 100244,
        "duration": 1500
    },
    {
        "name": "sogood_goodcross",
        "time": 101998,
        "duration": 1000
    },
    {
        "name": "sogood_wow",
        "time": 104103,
        "duration": 1000,
        "goldMove": 1
    },
    {
        "name": "sogood_backandopenstart",
        "time": 105507,
        "duration": 2000
    },
    {
        "name": "sogood_backandopen",
        "time": 106910,
        "duration": 2000
    },
    {
        "name": "sogood_backandopen",
        "time": 108314,
        "duration": 2000
    },
    {
        "name": "sogood_backandopen",
        "time": 109717,
        "duration": 2000
    },
    {
        "name": "sogood_bboy",
        "time": 111823,
        "duration": 1000
    },
    {
        "name": "sogood_bboy",
        "time": 113226,
        "duration": 1000
    },
    {
        "name": "sogood_bboy",
        "time": 114630,
        "duration": 1000
    },
    {
        "name": "sogood_bboy",
        "time": 116033,
        "duration": 1000
    },
    {
        "name": "sogood_backandopenstart",
        "time": 116735,
        "duration": 2000
    },
    {
        "name": "sogood_backandopen",
        "time": 118138,
        "duration": 2000
    },
    {
        "name": "sogood_backandopen",
        "time": 119542,
        "duration": 2000
    },
    {
        "name": "sogood_backandopen",
        "time": 120945,
        "duration": 2000
    },
    {
        "name": "sogood_spin",
        "time": 122349,
        "duration": 3403
    },
    {
        "name": "sogood_punch",
        "time": 125156,
        "duration": 1000
    },
    {
        "name": "sogood_punch",
        "time": 125858,
        "duration": 1000
    },
    {
        "name": "sogood_punch",
        "time": 126559,
        "duration": 1000
    },
    {
        "name": "sogood_punch",
        "time": 127261,
        "duration": 1000
    },
    {
        "name": "sogood_wavedown",
        "time": 127963,
        "duration": 1500
    },
    {
        "name": "sogood_wavedown",
        "time": 129366,
        "duration": 1500
    },
    {
        "name": "sogood_waveup",
        "time": 130770,
        "duration": 2000
    },
    {
        "name": "sogood_waveup",
        "time": 132173,
        "duration": 2000
    },
    {
        "name": "sogood_wavedown",
        "time": 133577,
        "duration": 1500
    },
    {
        "name": "sogood_wavedown",
        "time": 134980,
        "duration": 1500
    },
    {
        "name": "sogood_waveup",
        "time": 136384,
        "duration": 2000
    },
    {
        "name": "sogood_waveup",
        "time": 137787,
        "duration": 2000
    },
    {
        "name": "sogood_punchsidel",
        "time": 139191,
        "duration": 1000
    },
    {
        "name": "sogood_sweepleg",
        "time": 139892,
        "duration": 1000
    },
    {
        "name": "sogood_sweepleg",
        "time": 140594,
        "duration": 1000
    },
    {
        "name": "sogood_sweepleg",
        "time": 141296,
        "duration": 1000
    },
    {
        "name": "sogood_punchsider",
        "time": 141998,
        "duration": 1000
    },
    {
        "name": "sogood_sweepleg",
        "time": 142699,
        "duration": 1000
    },
    {
        "name": "sogood_sweepleg",
        "time": 143401,
        "duration": 1000
    },
    {
        "name": "sogood_sweepleg",
        "time": 144103,
        "duration": 1000
    },
    {
        "name": "sogood_bridgecross",
        "time": 144980,
        "duration": 1000
    },
    {
        "name": "sogood_money",
        "time": 145681,
        "duration": 1000
    },
    {
        "name": "sogood_bridgecross",
        "time": 146383,
        "duration": 1000
    },
    {
        "name": "sogood_money",
        "time": 147085,
        "duration": 1000
    },
    {
        "name": "sogood_bridgecross",
        "time": 147787,
        "duration": 1000
    },
    {
        "name": "sogood_money",
        "time": 148488,
        "duration": 1000
    },
    {
        "name": "sogood_bridgecross",
        "time": 149190,
        "duration": 1000
    },
    {
        "name": "sogood_money",
        "time": 149892,
        "duration": 1000
    },
    {
        "name": "sogood_angle",
        "time": 150770,
        "duration": 1500
    },
    {
        "name": "sogood_angle",
        "time": 153577,
        "duration": 1500
    },
    {
        "name": "sogood_mutekingslow",
        "time": 156384,
        "duration": 1500
    },
    {
        "name": "sogood_mutekingfast",
        "time": 159191,
        "duration": 1500
    },
    {
        "name": "sogood_mutekingfast",
        "time": 160594,
        "duration": 1500
    },
    {
        "name": "sogood_smile",
        "time": 161998,
        "duration": 1500
    },
    {
        "name": "sogood_goodcross",
        "time": 163752,
        "duration": 1000
    },
    {
        "name": "sogood_wow",
        "time": 165857,
        "duration": 1000,
        "goldMove": 1
    },
    {
        "name": "sogood_backandopenstart",
        "time": 167261,
        "duration": 2000
    },
    {
        "name": "sogood_backandopen",
        "time": 168664,
        "duration": 2000
    },
    {
        "name": "sogood_backandopen",
        "time": 170068,
        "duration": 2000
    },
    {
        "name": "sogood_backandopen",
        "time": 171471,
        "duration": 2000
    },
    {
        "name": "sogood_bboy",
        "time": 173576,
        "duration": 1000
    },
    {
        "name": "sogood_bboy",
        "time": 174980,
        "duration": 1000
    },
    {
        "name": "sogood_bboy",
        "time": 176383,
        "duration": 1000
    },
    {
        "name": "sogood_bboy",
        "time": 177787,
        "duration": 1000
    },
    {
        "name": "sogood_backandopenstart",
        "time": 178489,
        "duration": 2000
    },
    {
        "name": "sogood_backandopen",
        "time": 179892,
        "duration": 2000
    },
    {
        "name": "sogood_backandopen",
        "time": 181295,
        "duration": 2000
    },
    {
        "name": "sogood_backandopen",
        "time": 182699,
        "duration": 2000
    },
    {
        "name": "sogood_spin",
        "time": 184102,
        "duration": 3403
    },
    {
        "name": "sogood_punch",
        "time": 186909,
        "duration": 1000
    },
    {
        "name": "sogood_punch",
        "time": 187611,
        "duration": 1000
    },
    {
        "name": "sogood_punch",
        "time": 188313,
        "duration": 1000
    },
    {
        "name": "sogood_punch",
        "time": 189015,
        "duration": 1000
    },
    {
        "name": "sogood_wavedown",
        "time": 189716,
        "duration": 1500
    },
    {
        "name": "sogood_wavedown",
        "time": 191120,
        "duration": 1500
    },
    {
        "name": "sogood_waveup",
        "time": 192523,
        "duration": 2000
    },
    {
        "name": "sogood_waveup",
        "time": 193927,
        "duration": 2000
    },
    {
        "name": "sogood_wavedown",
        "time": 195330,
        "duration": 1500
    },
    {
        "name": "sogood_wavedown",
        "time": 196734,
        "duration": 1500
    },
    {
        "name": "sogood_waveup",
        "time": 198137,
        "duration": 2000
    },
    {
        "name": "sogood_waveup",
        "time": 199541,
        "duration": 2000
    },
    {
        "name": "sogood_wavedown",
        "time": 200944,
        "duration": 1500
    },
    {
        "name": "sogood_wavedown",
        "time": 202348,
        "duration": 1500
    },
    {
        "name": "sogood_waveup",
        "time": 203751,
        "duration": 2000
    },
    {
        "name": "sogood_waveup",
        "time": 205155,
        "duration": 2000
    }
]