[
    {
        "name": "shewolf_princess",
        "time": 18580,
        "duration": 929
    },
    {
        "name": "shewolf_wings",
        "time": 22272,
        "duration": 929
    },
    {
        "name": "shewolf_princess",
        "time": 25964,
        "duration": 929
    },
    {
        "name": "shewolf_wings",
        "time": 29425,
        "duration": 929
    },
    {
        "name": "shewolf_rope",
        "time": 31271,
        "duration": 929
    },
    {
        "name": "shewolf_rope",
        "time": 33117,
        "duration": 929
    },
    {
        "name": "shewolf_windend",
        "time": 34733,
        "duration": 929
    },
    {
        "name": "shewolf_wind",
        "time": 35656,
        "duration": 929
    },
    {
        "name": "shewolf_wind",
        "time": 36579,
        "duration": 929
    },
    {
        "name": "shewolf_wind",
        "time": 37502,
        "duration": 929
    },
    {
        "name": "shewolf_ropewind",
        "time": 38656,
        "duration": 929
    },
    {
        "name": "shewolf_rope",
        "time": 40502,
        "duration": 929
    },
    {
        "name": "shewolf_windend",
        "time": 42117,
        "duration": 929
    },
    {
        "name": "shewolf_wind",
        "time": 43040,
        "duration": 929
    },
    {
        "name": "shewolf_wind",
        "time": 43963,
        "duration": 929
    },
    {
        "name": "shewolf_wind",
        "time": 44886,
        "duration": 929
    },
    {
        "name": "shewolf_waveright",
        "time": 46501,
        "duration": 1161
    },
    {
        "name": "shewolf_waveleft",
        "time": 47884,
        "duration": 929
    },
    {
        "name": "shewolf_lost",
        "time": 49729,
        "duration": 1161
    },
    {
        "name": "shewolf_waveright",
        "time": 53879,
        "duration": 1161
    },
    {
        "name": "shewolf_waveleft",
        "time": 55263,
        "duration": 929
    },
    {
        "name": "shewolf_lost",
        "time": 57107,
        "duration": 1161
    },
    {
        "name": "shewolf_warriordown",
        "time": 61027,
        "duration": 697
    },
    {
        "name": "shewolf_warriordown",
        "time": 62872,
        "duration": 697
    },
    {
        "name": "shewolf_warriorup",
        "time": 64486,
        "duration": 929
    },
    {
        "name": "shewolf_warriorup",
        "time": 66330,
        "duration": 929
    },
    {
        "name": "shewolf_warriordown",
        "time": 68406,
        "duration": 697
    },
    {
        "name": "shewolf_warriordown",
        "time": 70250,
        "duration": 697
    },
    {
        "name": "shewolf_warriorup",
        "time": 71864,
        "duration": 929
    },
    {
        "name": "shewolf_warriorup",
        "time": 73709,
        "duration": 929
    },
    {
        "name": "shewolf_punch",
        "time": 75553,
        "duration": 929
    },
    {
        "name": "shewolf_punch",
        "time": 77399,
        "duration": 929
    },
    {
        "name": "shewolf_punch",
        "time": 79246,
        "duration": 929
    },
    {
        "name": "shewolf_punch",
        "time": 81092,
        "duration": 929
    },
    {
        "name": "shewolf_possessedup",
        "time": 82938,
        "duration": 697
    },
    {
        "name": "shewolf_possessedup",
        "time": 84784,
        "duration": 697
    },
    {
        "name": "shewolf_possessedup",
        "time": 86630,
        "duration": 697
    },
    {
        "name": "shewolf_faeryjump",
        "time": 88246,
        "duration": 465,
        "goldMove": 1
    },
    {
        "name": "shewolf_power",
        "time": 90323,
        "duration": 697
    },
    {
        "name": "shewolf_powerdouble",
        "time": 91246,
        "duration": 929
    },
    {
        "name": "shewolf_power",
        "time": 92631,
        "duration": 697
    },
    {
        "name": "shewolf_power",
        "time": 94015,
        "duration": 697
    },
    {
        "name": "shewolf_powerdouble",
        "time": 94938,
        "duration": 929
    },
    {
        "name": "shewolf_power",
        "time": 96323,
        "duration": 697
    },
    {
        "name": "shewolf_battle",
        "time": 97708,
        "duration": 929
    },
    {
        "name": "shewolf_battle",
        "time": 98631,
        "duration": 929
    },
    {
        "name": "shewolf_battle",
        "time": 99554,
        "duration": 929
    },
    {
        "name": "shewolf_battle",
        "time": 100477,
        "duration": 929
    },
    {
        "name": "shewolf_battle",
        "time": 101400,
        "duration": 929
    },
    {
        "name": "shewolf_battle",
        "time": 102323,
        "duration": 929
    },
    {
        "name": "shewolf_battle",
        "time": 103246,
        "duration": 929
    },
    {
        "name": "shewolf_battle",
        "time": 104170,
        "duration": 929
    },
    {
        "name": "shewolf_princess",
        "time": 107170,
        "duration": 929
    },
    {
        "name": "shewolf_wings",
        "time": 110863,
        "duration": 929
    },
    {
        "name": "shewolf_princess",
        "time": 114555,
        "duration": 929
    },
    {
        "name": "shewolf_wings",
        "time": 118017,
        "duration": 929
    },
    {
        "name": "shewolf_rope",
        "time": 119863,
        "duration": 929
    },
    {
        "name": "shewolf_rope",
        "time": 121711,
        "duration": 929
    },
    {
        "name": "shewolf_windend",
        "time": 123328,
        "duration": 929
    },
    {
        "name": "shewolf_wind",
        "time": 124252,
        "duration": 929
    },
    {
        "name": "shewolf_wind",
        "time": 125175,
        "duration": 929
    },
    {
        "name": "shewolf_wind",
        "time": 126099,
        "duration": 929
    },
    {
        "name": "shewolf_ropewind",
        "time": 127254,
        "duration": 929
    },
    {
        "name": "shewolf_rope",
        "time": 129102,
        "duration": 929
    },
    {
        "name": "shewolf_windend",
        "time": 130719,
        "duration": 929
    },
    {
        "name": "shewolf_wind",
        "time": 131643,
        "duration": 929
    },
    {
        "name": "shewolf_wind",
        "time": 132566,
        "duration": 929
    },
    {
        "name": "shewolf_wind",
        "time": 133490,
        "duration": 929
    },
    {
        "name": "shewolf_waveright",
        "time": 135106,
        "duration": 1161
    },
    {
        "name": "shewolf_waveleft",
        "time": 136490,
        "duration": 929
    },
    {
        "name": "shewolf_lost",
        "time": 138336,
        "duration": 1161
    },
    {
        "name": "shewolf_waveright",
        "time": 142487,
        "duration": 1161
    },
    {
        "name": "shewolf_waveleft",
        "time": 143871,
        "duration": 929
    },
    {
        "name": "shewolf_lost",
        "time": 145717,
        "duration": 1161
    },
    {
        "name": "shewolf_warriordown",
        "time": 149638,
        "duration": 697
    },
    {
        "name": "shewolf_warriordown",
        "time": 151483,
        "duration": 697
    },
    {
        "name": "shewolf_warriorup",
        "time": 153098,
        "duration": 929
    },
    {
        "name": "shewolf_warriorup",
        "time": 154943,
        "duration": 929
    },
    {
        "name": "shewolf_warriordown",
        "time": 157019,
        "duration": 697
    },
    {
        "name": "shewolf_warriordown",
        "time": 158864,
        "duration": 697
    },
    {
        "name": "shewolf_warriorup",
        "time": 160479,
        "duration": 929
    },
    {
        "name": "shewolf_warriorup",
        "time": 162324,
        "duration": 929
    },
    {
        "name": "shewolf_punch",
        "time": 164169,
        "duration": 929
    },
    {
        "name": "shewolf_punch",
        "time": 166015,
        "duration": 929
    },
    {
        "name": "shewolf_punch",
        "time": 167860,
        "duration": 929
    },
    {
        "name": "shewolf_punch",
        "time": 169706,
        "duration": 929
    },
    {
        "name": "shewolf_possessedup",
        "time": 171552,
        "duration": 697
    },
    {
        "name": "shewolf_possessedup",
        "time": 173398,
        "duration": 697
    },
    {
        "name": "shewolf_possessedup",
        "time": 175243,
        "duration": 697
    },
    {
        "name": "shewolf_faeryjump",
        "time": 176859,
        "duration": 465,
        "goldMove": 1
    },
    {
        "name": "shewolf_power",
        "time": 178937,
        "duration": 697
    },
    {
        "name": "shewolf_powerdouble",
        "time": 179860,
        "duration": 929
    },
    {
        "name": "shewolf_power",
        "time": 181245,
        "duration": 697
    },
    {
        "name": "shewolf_power",
        "time": 182630,
        "duration": 697
    },
    {
        "name": "shewolf_powerdouble",
        "time": 183554,
        "duration": 929
    },
    {
        "name": "shewolf_power",
        "time": 184939,
        "duration": 697
    },
    {
        "name": "shewolf_battle",
        "time": 186324,
        "duration": 929
    },
    {
        "name": "shewolf_battle",
        "time": 187247,
        "duration": 929
    },
    {
        "name": "shewolf_battle",
        "time": 188171,
        "duration": 929
    },
    {
        "name": "shewolf_battle",
        "time": 189094,
        "duration": 929
    },
    {
        "name": "shewolf_battle",
        "time": 190018,
        "duration": 929
    },
    {
        "name": "shewolf_battle",
        "time": 190941,
        "duration": 929
    },
    {
        "name": "shewolf_snake",
        "time": 192095,
        "duration": 929,
        "goldMove": 1
    },
    {
        "name": "shewolf_power",
        "time": 193711,
        "duration": 697
    },
    {
        "name": "shewolf_powerdouble",
        "time": 194635,
        "duration": 929
    },
    {
        "name": "shewolf_power",
        "time": 196020,
        "duration": 697
    },
    {
        "name": "shewolf_power",
        "time": 197405,
        "duration": 697
    },
    {
        "name": "shewolf_powerdouble",
        "time": 198328,
        "duration": 929
    },
    {
        "name": "shewolf_power",
        "time": 199713,
        "duration": 697
    },
    {
        "name": "shewolf_battle",
        "time": 201098,
        "duration": 929
    },
    {
        "name": "shewolf_battle",
        "time": 202022,
        "duration": 929
    },
    {
        "name": "shewolf_battle",
        "time": 202945,
        "duration": 929
    },
    {
        "name": "shewolf_battle",
        "time": 203868,
        "duration": 929
    },
    {
        "name": "shewolf_battle",
        "time": 204792,
        "duration": 929
    },
    {
        "name": "shewolf_battle",
        "time": 205715,
        "duration": 929
    },
    {
        "name": "shewolf_battle",
        "time": 206639,
        "duration": 929
    },
    {
        "name": "shewolf_battle",
        "time": 207563,
        "duration": 929
    },
    {
        "name": "shewolf_waveright",
        "time": 210565,
        "duration": 1161
    },
    {
        "name": "shewolf_waveleft",
        "time": 213798,
        "duration": 929
    },
    {
        "name": "shewolf_lost",
        "time": 217724,
        "duration": 1161
    },
    {
        "name": "shewolf_greatwings",
        "time": 223495,
        "duration": 1394
    }
]