[
    {
        "name": "sowhat_nananana",
        "time": 7960,
        "duration": 1055
    },
    {
        "name": "sowhat_nananana",
        "time": 8912,
        "duration": 1055
    },
    {
        "name": "sowhat_nananana",
        "time": 11770,
        "duration": 1055
    },
    {
        "name": "sowhat_nananana",
        "time": 12722,
        "duration": 1055
    },
    {
        "name": "sowhat_smoothanger",
        "time": 15579,
        "duration": 1055
    },
    {
        "name": "sowhat_smoothanger",
        "time": 16531,
        "duration": 1055
    },
    {
        "name": "sowhat_smoothanger",
        "time": 17484,
        "duration": 1055
    },
    {
        "name": "sowhat_smoothanger",
        "time": 19389,
        "duration": 1055
    },
    {
        "name": "sowhat_smoothanger",
        "time": 20341,
        "duration": 1055
    },
    {
        "name": "sowhat_smoothanger",
        "time": 21293,
        "duration": 1055
    },
    {
        "name": "sowhat_turningfist",
        "time": 23198,
        "duration": 1055
    },
    {
        "name": "sowhat_punchingfist",
        "time": 24150,
        "duration": 1055
    },
    {
        "name": "sowhat_punchingsolo",
        "time": 26531,
        "duration": 579
    },
    {
        "name": "sowhat_turningfist",
        "time": 27008,
        "duration": 1055
    },
    {
        "name": "sowhat_punchingfist",
        "time": 27960,
        "duration": 1055
    },
    {
        "name": "sowhat_fight",
        "time": 29865,
        "duration": 579
    },
    {
        "name": "sowhat_nananana",
        "time": 30817,
        "duration": 1055
    },
    {
        "name": "sowhat_nananana",
        "time": 31769,
        "duration": 1055
    },
    {
        "name": "sowhat_fight",
        "time": 33674,
        "duration": 579
    },
    {
        "name": "sowhat_nananana",
        "time": 34627,
        "duration": 1055
    },
    {
        "name": "sowhat_nananana",
        "time": 35579,
        "duration": 1055
    },
    {
        "name": "sowhat_fight",
        "time": 37484,
        "duration": 579
    },
    {
        "name": "sowhat_sowhat",
        "time": 38436,
        "duration": 1055
    },
    {
        "name": "sowhat_rockstar",
        "time": 40341,
        "duration": 1055
    },
    {
        "name": "sowhat_rockstar",
        "time": 41293,
        "duration": 1055
    },
    {
        "name": "sowhat_rockmove",
        "time": 42246,
        "duration": 1055
    },
    {
        "name": "sowhat_rockmove",
        "time": 43198,
        "duration": 1055
    },
    {
        "name": "sowhat_need",
        "time": 44150,
        "duration": 817
    },
    {
        "name": "sowhat_you",
        "time": 44865,
        "duration": 1055
    },
    {
        "name": "sowhat_sowhat",
        "time": 46293,
        "duration": 1055
    },
    {
        "name": "sowhat_rockstar",
        "time": 47960,
        "duration": 1055
    },
    {
        "name": "sowhat_rockstar",
        "time": 48912,
        "duration": 1055
    },
    {
        "name": "sowhat_rockmove",
        "time": 49865,
        "duration": 1055
    },
    {
        "name": "sowhat_rockmove",
        "time": 50817,
        "duration": 1055
    },
    {
        "name": "sowhat_need",
        "time": 51769,
        "duration": 817
    },
    {
        "name": "sowhat_you",
        "time": 52484,
        "duration": 1055
    },
    {
        "name": "sowhat_happygirl",
        "time": 53674,
        "duration": 1055
    },
    {
        "name": "sowhat_happygirl",
        "time": 54626,
        "duration": 1055
    },
    {
        "name": "sowhat_openclose",
        "time": 55579,
        "duration": 1055
    },
    {
        "name": "sowhat_openclose",
        "time": 56531,
        "duration": 1055
    },
    {
        "name": "sowhat_happygirl",
        "time": 57484,
        "duration": 1055
    },
    {
        "name": "sowhat_happygirl",
        "time": 58436,
        "duration": 1055
    },
    {
        "name": "sowhat_openclose",
        "time": 59388,
        "duration": 1055
    },
    {
        "name": "sowhat_openclose",
        "time": 60341,
        "duration": 1055
    },
    {
        "name": "sowhat_sowhat",
        "time": 61293,
        "duration": 1055
    },
    {
        "name": "sowhat_rockstar",
        "time": 63198,
        "duration": 1055
    },
    {
        "name": "sowhat_rockstar",
        "time": 64150,
        "duration": 1055
    },
    {
        "name": "sowhat_rockmove",
        "time": 65103,
        "duration": 1055
    },
    {
        "name": "sowhat_rockmove",
        "time": 66055,
        "duration": 1055
    },
    {
        "name": "sowhat_need",
        "time": 67007,
        "duration": 817
    },
    {
        "name": "sowhat_you",
        "time": 67722,
        "duration": 1055
    },
    {
        "name": "sowhat_style",
        "time": 68912,
        "duration": 579
    },
    {
        "name": "sowhat_checkthat",
        "time": 70817,
        "duration": 1055,
        "goldMove": 1
    },
    {
        "name": "sowhat_smoothanger",
        "time": 72722,
        "duration": 1055
    },
    {
        "name": "sowhat_smoothanger",
        "time": 73674,
        "duration": 1055
    },
    {
        "name": "sowhat_smoothanger",
        "time": 74626,
        "duration": 1055
    },
    {
        "name": "sowhat_smoothanger",
        "time": 76531,
        "duration": 1055
    },
    {
        "name": "sowhat_smoothanger",
        "time": 77483,
        "duration": 1055
    },
    {
        "name": "sowhat_smoothanger",
        "time": 78436,
        "duration": 1055
    },
    {
        "name": "sowhat_turningfist",
        "time": 80341,
        "duration": 1055
    },
    {
        "name": "sowhat_punchingfist",
        "time": 81293,
        "duration": 1055
    },
    {
        "name": "sowhat_punchingsolo",
        "time": 83674,
        "duration": 579
    },
    {
        "name": "sowhat_turningfist",
        "time": 84150,
        "duration": 1055
    },
    {
        "name": "sowhat_punchingfist",
        "time": 85102,
        "duration": 1055
    },
    {
        "name": "sowhat_fight",
        "time": 87007,
        "duration": 579
    },
    {
        "name": "sowhat_nananana",
        "time": 87960,
        "duration": 1055
    },
    {
        "name": "sowhat_nananana",
        "time": 88912,
        "duration": 1055
    },
    {
        "name": "sowhat_fight",
        "time": 90817,
        "duration": 579
    },
    {
        "name": "sowhat_nananana",
        "time": 91769,
        "duration": 1055
    },
    {
        "name": "sowhat_nananana",
        "time": 92721,
        "duration": 1055
    },
    {
        "name": "sowhat_fight",
        "time": 94626,
        "duration": 579
    },
    {
        "name": "sowhat_sowhat",
        "time": 95579,
        "duration": 1055
    },
    {
        "name": "sowhat_rockstar",
        "time": 97483,
        "duration": 1055
    },
    {
        "name": "sowhat_rockstar",
        "time": 98436,
        "duration": 1055
    },
    {
        "name": "sowhat_rockmove",
        "time": 99388,
        "duration": 1055
    },
    {
        "name": "sowhat_rockmove",
        "time": 100340,
        "duration": 1055
    },
    {
        "name": "sowhat_need",
        "time": 101293,
        "duration": 817
    },
    {
        "name": "sowhat_you",
        "time": 102007,
        "duration": 1055
    },
    {
        "name": "sowhat_sowhat",
        "time": 103436,
        "duration": 1055
    },
    {
        "name": "sowhat_rockstar",
        "time": 105102,
        "duration": 1055
    },
    {
        "name": "sowhat_rockstar",
        "time": 106055,
        "duration": 1055
    },
    {
        "name": "sowhat_rockmove",
        "time": 107007,
        "duration": 1055
    },
    {
        "name": "sowhat_rockmove",
        "time": 107959,
        "duration": 1055
    },
    {
        "name": "sowhat_need",
        "time": 108912,
        "duration": 817
    },
    {
        "name": "sowhat_you",
        "time": 109626,
        "duration": 1055
    },
    {
        "name": "sowhat_happygirl",
        "time": 110817,
        "duration": 1055
    },
    {
        "name": "sowhat_happygirl",
        "time": 111769,
        "duration": 1055
    },
    {
        "name": "sowhat_openclose",
        "time": 112721,
        "duration": 1055
    },
    {
        "name": "sowhat_openclose",
        "time": 113674,
        "duration": 1055
    },
    {
        "name": "sowhat_happygirl",
        "time": 114626,
        "duration": 1055
    },
    {
        "name": "sowhat_happygirl",
        "time": 115578,
        "duration": 1055
    },
    {
        "name": "sowhat_openclose",
        "time": 116531,
        "duration": 1055
    },
    {
        "name": "sowhat_openclose",
        "time": 117483,
        "duration": 1055
    },
    {
        "name": "sowhat_sowhat",
        "time": 118436,
        "duration": 1055
    },
    {
        "name": "sowhat_rockstar",
        "time": 120340,
        "duration": 1055
    },
    {
        "name": "sowhat_rockstar",
        "time": 121293,
        "duration": 1055
    },
    {
        "name": "sowhat_rockmove",
        "time": 122245,
        "duration": 1055
    },
    {
        "name": "sowhat_rockmove",
        "time": 123197,
        "duration": 1055
    },
    {
        "name": "sowhat_need",
        "time": 124150,
        "duration": 817
    },
    {
        "name": "sowhat_you",
        "time": 124864,
        "duration": 1055
    },
    {
        "name": "sowhat_style",
        "time": 126055,
        "duration": 579
    },
    {
        "name": "sowhat_blaming",
        "time": 130578,
        "duration": 1532
    },
    {
        "name": "sowhat_blaming",
        "time": 132483,
        "duration": 1532
    },
    {
        "name": "sowhat_blaming",
        "time": 134388,
        "duration": 1532
    },
    {
        "name": "sowhat_1234",
        "time": 136054,
        "duration": 2008
    },
    {
        "name": "sowhat_blamingagain",
        "time": 138197,
        "duration": 1532
    },
    {
        "name": "sowhat_blamingagain",
        "time": 140102,
        "duration": 1532
    },
    {
        "name": "sowhat_blamingagain",
        "time": 142007,
        "duration": 1532
    },
    {
        "name": "sowhat_1234",
        "time": 143673,
        "duration": 2008
    },
    {
        "name": "sowhat_kiss",
        "time": 147721,
        "duration": 817,
        "goldMove": 1
    },
    {
        "name": "sowhat_sowhat",
        "time": 148912,
        "duration": 1055
    },
    {
        "name": "sowhat_rockstar",
        "time": 150816,
        "duration": 1055
    },
    {
        "name": "sowhat_rockstar",
        "time": 151769,
        "duration": 1055
    },
    {
        "name": "sowhat_rockmove",
        "time": 152721,
        "duration": 1055
    },
    {
        "name": "sowhat_rockmove",
        "time": 153673,
        "duration": 1055
    },
    {
        "name": "sowhat_need",
        "time": 154626,
        "duration": 817
    },
    {
        "name": "sowhat_you",
        "time": 155340,
        "duration": 1055
    },
    {
        "name": "sowhat_sowhat",
        "time": 156769,
        "duration": 1055
    },
    {
        "name": "sowhat_rockstar",
        "time": 158435,
        "duration": 1055
    },
    {
        "name": "sowhat_rockstar",
        "time": 159388,
        "duration": 1055
    },
    {
        "name": "sowhat_rockmove",
        "time": 160340,
        "duration": 1055
    },
    {
        "name": "sowhat_rockmove",
        "time": 161292,
        "duration": 1055
    },
    {
        "name": "sowhat_need",
        "time": 162245,
        "duration": 817
    },
    {
        "name": "sowhat_you",
        "time": 162959,
        "duration": 1055
    },
    {
        "name": "sowhat_happygirl",
        "time": 164150,
        "duration": 1055
    },
    {
        "name": "sowhat_happygirl",
        "time": 165102,
        "duration": 1055
    },
    {
        "name": "sowhat_openclose",
        "time": 166054,
        "duration": 1055
    },
    {
        "name": "sowhat_openclose",
        "time": 167007,
        "duration": 1055
    },
    {
        "name": "sowhat_happygirl",
        "time": 167959,
        "duration": 1055
    },
    {
        "name": "sowhat_happygirl",
        "time": 168911,
        "duration": 1055
    },
    {
        "name": "sowhat_openclose",
        "time": 169864,
        "duration": 1055
    },
    {
        "name": "sowhat_openclose",
        "time": 170816,
        "duration": 1055
    },
    {
        "name": "sowhat_sowhat",
        "time": 171769,
        "duration": 1055
    },
    {
        "name": "sowhat_rockstar",
        "time": 173673,
        "duration": 1055
    },
    {
        "name": "sowhat_rockstar",
        "time": 174626,
        "duration": 1055
    },
    {
        "name": "sowhat_rockmove",
        "time": 175578,
        "duration": 1055
    },
    {
        "name": "sowhat_rockmove",
        "time": 176530,
        "duration": 1055
    },
    {
        "name": "sowhat_need",
        "time": 177483,
        "duration": 817
    },
    {
        "name": "sowhat_you",
        "time": 178197,
        "duration": 1055
    },
    {
        "name": "sowhat_littlergirl",
        "time": 179388,
        "duration": 1055
    },
    {
        "name": "sowhat_littlergirl",
        "time": 180340,
        "duration": 1055
    },
    {
        "name": "sowhat_littlergirl",
        "time": 181292,
        "duration": 1055
    },
    {
        "name": "sowhat_littlergirl",
        "time": 182245,
        "duration": 1055
    },
    {
        "name": "sowhat_littlergirl",
        "time": 183197,
        "duration": 1055
    },
    {
        "name": "sowhat_littlergirl",
        "time": 184149,
        "duration": 1055
    },
    {
        "name": "sowhat_fistintheair",
        "time": 185102,
        "duration": 579
    },
    {
        "name": "sowhat_fistintheair",
        "time": 185578,
        "duration": 579
    },
    {
        "name": "sowhat_fistintheair",
        "time": 186054,
        "duration": 579
    },
    {
        "name": "sowhat_fistintheair",
        "time": 186530,
        "duration": 579
    },
    {
        "name": "sowhat_littlergirl",
        "time": 187007,
        "duration": 1055
    },
    {
        "name": "sowhat_littlergirl",
        "time": 187959,
        "duration": 1055
    },
    {
        "name": "sowhat_littlergirl",
        "time": 188911,
        "duration": 1055
    },
    {
        "name": "sowhat_littlergirl",
        "time": 189864,
        "duration": 1055
    },
    {
        "name": "sowhat_littlergirl",
        "time": 190816,
        "duration": 1055
    },
    {
        "name": "sowhat_littlergirl",
        "time": 191768,
        "duration": 1055
    },
    {
        "name": "sowhat_fistintheair",
        "time": 192721,
        "duration": 579
    },
    {
        "name": "sowhat_fistintheair",
        "time": 193197,
        "duration": 579
    },
    {
        "name": "sowhat_fistintheair",
        "time": 193673,
        "duration": 579
    },
    {
        "name": "sowhat_fistintheair",
        "time": 194149,
        "duration": 579
    },
    {
        "name": "sowhat_happygirl",
        "time": 194626,
        "duration": 1055
    },
    {
        "name": "sowhat_happygirl",
        "time": 195578,
        "duration": 1055
    },
    {
        "name": "sowhat_openclose",
        "time": 196530,
        "duration": 1055
    },
    {
        "name": "sowhat_openclose",
        "time": 197483,
        "duration": 1055
    },
    {
        "name": "sowhat_happygirl",
        "time": 198435,
        "duration": 1055
    },
    {
        "name": "sowhat_happygirl",
        "time": 199387,
        "duration": 1055
    },
    {
        "name": "sowhat_openclose",
        "time": 200340,
        "duration": 1055
    },
    {
        "name": "sowhat_openclose",
        "time": 201292,
        "duration": 1055
    },
    {
        "name": "sowhat_sowhat",
        "time": 202245,
        "duration": 1055
    },
    {
        "name": "sowhat_rockstar",
        "time": 204149,
        "duration": 1055
    },
    {
        "name": "sowhat_rockstar",
        "time": 205102,
        "duration": 1055
    },
    {
        "name": "sowhat_rockmove",
        "time": 206054,
        "duration": 1055
    },
    {
        "name": "sowhat_rockmove",
        "time": 207006,
        "duration": 1055
    },
    {
        "name": "sowhat_need",
        "time": 207959,
        "duration": 817
    },
    {
        "name": "sowhat_you",
        "time": 208673,
        "duration": 1055
    },
    {
        "name": "sowhat_style",
        "time": 209864,
        "duration": 579,
        "goldMove": 1
    }
]